user_id,home_country,avg_txn_amount,preferred_channel,account_age_days
U100000,GB,39.89,CARD_NOT_PRESENT,1800
U100001,IN,202.62,CARD_NOT_PRESENT,1420
U100002,SG,63.01,CARD_NOT_PRESENT,748
U100003,US,12.87,CARD_PRESENT,1331
U100004,IN,71.01,CARD_PRESENT,1342
U100005,RU,103.36,CARD_PRESENT,2378
U100006,GB,110.47,UPI_WALLET,943
U100007,AE,37.84,CARD_PRESENT,806
U100008,IN,89.77,UPI_WALLET,1874
U100009,IN,147.54,UPI_WALLET,1588
U100010,IN,28.08,CARD_NOT_PRESENT,1068
U100011,NG,39.36,CARD_PRESENT,1
U100012,US,112.5,CARD_NOT_PRESENT,1762
U100013,AE,115.81,CARD_PRESENT,1842
U100014,IN,186.46,WIRE_TRANSFER,2325
U100015,IN,93.26,UPI_WALLET,1256
U100016,US,96.28,UPI_WALLET,1288
U100017,IN,47.3,CARD_NOT_PRESENT,521
U100018,AE,190.32,UPI_WALLET,1149
U100019,US,197.8,UPI_WALLET,4
U100020,GB,85.64,CARD_PRESENT,1252
U100021,IN,51.76,CARD_PRESENT,1767
U100022,RU,85.0,CARD_PRESENT,1964
U100023,SG,90.61,CARD_NOT_PRESENT,1657
U100024,GB,50.41,UPI_WALLET,2013
U100025,IN,55.96,CARD_NOT_PRESENT,1663
U100026,IN,197.97,CARD_NOT_PRESENT,1949
U100027,IN,124.96,WIRE_TRANSFER,1094
U100028,IN,75.12,CARD_PRESENT,1505
U100029,US,41.48,CARD_PRESENT,1598
U100030,GB,56.44,WIRE_TRANSFER,1431
U100031,RU,24.87,WIRE_TRANSFER,1428
U100032,IN,104.26,UPI_WALLET,1954
U100033,IN,54.25,CARD_PRESENT,597
U100034,IN,109.73,WIRE_TRANSFER,792
U100035,IN,143.58,UPI_WALLET,1297
U100036,IN,110.78,UPI_WALLET,1613
U100037,IN,68.88,CARD_PRESENT,1286
U100038,IN,48.55,CARD_NOT_PRESENT,499
U100039,US,37.11,UPI_WALLET,2059
U100040,IN,186.14,UPI_WALLET,1364
U100041,AE,107.66,CARD_NOT_PRESENT,1084
U100042,GB,71.61,CARD_NOT_PRESENT,2195
U100043,IN,131.71,UPI_WALLET,1090
U100044,AE,167.81,CARD_NOT_PRESENT,404
U100045,AE,55.06,CARD_NOT_PRESENT,2461
U100046,IN,105.55,CARD_PRESENT,957
U100047,IN,106.95,CARD_PRESENT,2236
U100048,US,211.14,UPI_WALLET,1292
U100049,IN,70.93,CARD_PRESENT,606
U100050,IN,47.29,CARD_PRESENT,942
U100051,IN,113.25,WIRE_TRANSFER,2275
U100052,AE,138.71,UPI_WALLET,2361
U100053,US,99.96,CARD_PRESENT,345
U100054,GB,220.09,CARD_PRESENT,2467
U100055,AE,70.77,UPI_WALLET,2133
U100056,IN,101.59,CARD_NOT_PRESENT,1619
U100057,US,30.15,CARD_NOT_PRESENT,459
U100058,IN,45.4,CARD_NOT_PRESENT,1466
U100059,IN,55.31,CARD_PRESENT,1064
U100060,US,79.04,UPI_WALLET,312
U100061,IN,33.97,CARD_PRESENT,2459
U100062,US,130.53,CARD_NOT_PRESENT,1508
U100063,GB,51.86,CARD_PRESENT,243
U100064,US,309.68,CARD_PRESENT,854
U100065,US,53.18,CARD_PRESENT,2099
U100066,US,94.8,UPI_WALLET,1106
U100067,IN,87.09,CARD_PRESENT,1237
U100068,IN,42.63,CARD_PRESENT,357
U100069,IN,79.24,CARD_PRESENT,278
U100070,IN,78.58,UPI_WALLET,2444
U100071,IN,156.41,CARD_NOT_PRESENT,2381
U100072,SG,116.0,WIRE_TRANSFER,239
U100073,IN,129.31,UPI_WALLET,1373
U100074,IN,154.27,CARD_NOT_PRESENT,1702
U100075,IN,130.64,UPI_WALLET,2201
U100076,IN,104.98,CARD_PRESENT,1399
U100077,US,54.95,WIRE_TRANSFER,2172
U100078,US,100.66,WIRE_TRANSFER,303
U100079,AE,47.84,CARD_PRESENT,37
U100080,US,83.35,CARD_NOT_PRESENT,1162
U100081,IN,76.21,CARD_PRESENT,662
U100082,AE,79.53,CARD_NOT_PRESENT,1888
U100083,IN,34.23,UPI_WALLET,842
U100084,IN,9.01,WIRE_TRANSFER,1018
U100085,IN,66.95,CARD_PRESENT,1337
U100086,GB,177.16,UPI_WALLET,2403
U100087,IN,93.88,UPI_WALLET,180
U100088,IN,169.21,CARD_PRESENT,1381
U100089,IN,48.07,CARD_NOT_PRESENT,973
U100090,IN,64.68,UPI_WALLET,90
U100091,US,321.1,UPI_WALLET,2036
U100092,IN,50.18,WIRE_TRANSFER,2285
U100093,IN,127.71,CARD_PRESENT,433
U100094,IN,127.58,CARD_PRESENT,1899
U100095,US,118.78,CARD_PRESENT,1753
U100096,IN,128.74,CARD_PRESENT,1763
U100097,IN,49.67,CARD_NOT_PRESENT,1151
U100098,IN,69.18,UPI_WALLET,801
U100099,RU,10.79,CARD_NOT_PRESENT,177
U100100,SG,215.53,UPI_WALLET,88
U100101,US,128.25,CARD_NOT_PRESENT,444
U100102,IN,55.35,CARD_PRESENT,1320
U100103,RU,48.45,UPI_WALLET,353
U100104,GB,179.08,UPI_WALLET,1716
U100105,GB,52.63,CARD_NOT_PRESENT,1549
U100106,IN,55.23,WIRE_TRANSFER,862
U100107,IN,41.3,CARD_NOT_PRESENT,219
U100108,IN,143.79,CARD_PRESENT,1294
U100109,SG,167.66,CARD_NOT_PRESENT,2057
U100110,IN,76.53,UPI_WALLET,984
U100111,IN,168.34,CARD_NOT_PRESENT,2016
U100112,IN,112.39,UPI_WALLET,716
U100113,US,39.47,CARD_NOT_PRESENT,201
U100114,IN,205.93,CARD_NOT_PRESENT,1625
U100115,SG,40.98,UPI_WALLET,2220
U100116,GB,80.33,CARD_NOT_PRESENT,2209
U100117,GB,76.68,CARD_NOT_PRESENT,2397
U100118,IN,67.7,CARD_PRESENT,270
U100119,US,19.04,CARD_NOT_PRESENT,109
U100120,US,280.96,CARD_NOT_PRESENT,1424
U100121,US,21.15,CARD_PRESENT,2375
U100122,IN,213.91,CARD_NOT_PRESENT,2494
U100123,IN,47.26,CARD_PRESENT,699
U100124,IN,59.07,CARD_PRESENT,938
U100125,IN,201.06,CARD_NOT_PRESENT,1662
U100126,IN,120.27,CARD_PRESENT,2284
U100127,IN,30.95,CARD_NOT_PRESENT,437
U100128,IN,30.46,UPI_WALLET,2439
U100129,US,109.12,CARD_PRESENT,2043
U100130,IN,40.45,CARD_PRESENT,171
U100131,NG,123.93,CARD_NOT_PRESENT,2104
U100132,US,132.12,CARD_PRESENT,1604
U100133,IN,50.97,CARD_NOT_PRESENT,2445
U100134,US,61.34,UPI_WALLET,524
U100135,IN,111.44,CARD_NOT_PRESENT,2481
U100136,RU,49.36,CARD_NOT_PRESENT,119
U100137,IN,93.97,WIRE_TRANSFER,190
U100138,AE,333.04,CARD_PRESENT,1119
U100139,IN,114.91,UPI_WALLET,1645
U100140,IN,68.37,UPI_WALLET,418
U100141,IN,298.62,CARD_NOT_PRESENT,683
U100142,NG,150.35,CARD_PRESENT,975
U100143,US,41.18,CARD_PRESENT,314
U100144,IN,47.09,WIRE_TRANSFER,440
U100145,IN,23.15,CARD_PRESENT,372
U100146,IN,110.13,UPI_WALLET,2385
U100147,IN,16.45,CARD_NOT_PRESENT,2341
U100148,IN,298.39,CARD_NOT_PRESENT,1571
U100149,IN,74.15,CARD_NOT_PRESENT,1709
U100150,AE,156.25,CARD_PRESENT,343
U100151,SG,69.6,CARD_NOT_PRESENT,127
U100152,IN,108.87,WIRE_TRANSFER,943
U100153,US,81.08,CARD_PRESENT,2460
U100154,IN,92.18,WIRE_TRANSFER,1195
U100155,US,187.47,WIRE_TRANSFER,2019
U100156,IN,245.22,CARD_PRESENT,925
U100157,US,233.51,CARD_NOT_PRESENT,773
U100158,GB,493.3,CARD_PRESENT,2030
U100159,GB,53.35,CARD_NOT_PRESENT,1177
U100160,IN,115.87,WIRE_TRANSFER,1830
U100161,NG,54.24,UPI_WALLET,1816
U100162,IN,182.66,WIRE_TRANSFER,1817
U100163,IN,42.69,CARD_PRESENT,1690
U100164,US,189.52,CARD_NOT_PRESENT,2023
U100165,IN,102.2,CARD_PRESENT,1158
U100166,AE,84.25,UPI_WALLET,758
U100167,AE,90.93,CARD_PRESENT,1281
U100168,IN,37.2,CARD_PRESENT,812
U100169,RU,39.62,CARD_PRESENT,108
U100170,IN,103.41,CARD_PRESENT,905
U100171,IN,102.95,CARD_PRESENT,1252
U100172,IN,56.03,CARD_PRESENT,1301
U100173,NG,73.59,UPI_WALLET,851
U100174,IN,122.29,UPI_WALLET,1813
U100175,IN,49.17,CARD_PRESENT,713
U100176,IN,21.06,UPI_WALLET,1619
U100177,BR,220.37,CARD_NOT_PRESENT,674
U100178,SG,108.25,UPI_WALLET,2466
U100179,GB,63.45,CARD_PRESENT,1622
U100180,SG,54.12,CARD_NOT_PRESENT,1392
U100181,SG,48.82,CARD_NOT_PRESENT,1073
U100182,IN,182.2,CARD_PRESENT,1890
U100183,IN,32.58,CARD_NOT_PRESENT,1065
U100184,GB,115.67,UPI_WALLET,2008
U100185,US,115.61,UPI_WALLET,398
U100186,IN,145.46,CARD_NOT_PRESENT,2050
U100187,IN,67.82,CARD_NOT_PRESENT,2404
U100188,GB,208.76,UPI_WALLET,607
U100189,IN,148.22,CARD_PRESENT,560
U100190,NG,66.21,CARD_PRESENT,2387
U100191,IN,52.3,CARD_NOT_PRESENT,1015
U100192,IN,81.24,CARD_PRESENT,1738
U100193,AE,64.66,CARD_NOT_PRESENT,476
U100194,IN,46.23,CARD_PRESENT,1069
U100195,IN,93.68,CARD_NOT_PRESENT,1758
U100196,US,73.93,UPI_WALLET,2237
U100197,SG,240.11,UPI_WALLET,1090
U100198,IN,64.58,UPI_WALLET,188
U100199,IN,51.96,CARD_NOT_PRESENT,1034
U100200,GB,89.63,WIRE_TRANSFER,1607
U100201,RU,105.99,UPI_WALLET,2187
U100202,IN,111.42,CARD_NOT_PRESENT,2084
U100203,IN,110.7,CARD_PRESENT,1898
U100204,IN,91.7,CARD_NOT_PRESENT,414
U100205,IN,87.25,CARD_NOT_PRESENT,1300
U100206,IN,132.61,UPI_WALLET,1440
U100207,US,43.17,UPI_WALLET,1172
U100208,IN,52.23,WIRE_TRANSFER,2307
U100209,IN,26.52,WIRE_TRANSFER,2399
U100210,US,43.7,CARD_NOT_PRESENT,526
U100211,US,171.03,WIRE_TRANSFER,2391
U100212,IN,129.02,WIRE_TRANSFER,2116
U100213,AE,260.11,CARD_PRESENT,1762
U100214,GB,222.38,CARD_NOT_PRESENT,954
U100215,GB,129.73,CARD_PRESENT,1900
U100216,IN,98.67,CARD_PRESENT,1465
U100217,IN,90.8,CARD_PRESENT,2247
U100218,NG,15.67,CARD_NOT_PRESENT,1778
U100219,IN,84.11,CARD_PRESENT,2410
U100220,IN,59.05,CARD_PRESENT,1048
U100221,IN,45.16,CARD_PRESENT,206
U100222,US,116.6,UPI_WALLET,1230
U100223,RU,77.31,UPI_WALLET,2493
U100224,IN,94.59,WIRE_TRANSFER,1637
U100225,NG,40.35,CARD_NOT_PRESENT,1757
U100226,IN,152.3,CARD_PRESENT,1563
U100227,US,64.36,UPI_WALLET,1482
U100228,US,112.59,CARD_PRESENT,154
U100229,IN,68.26,WIRE_TRANSFER,1033
U100230,IN,13.53,UPI_WALLET,217
U100231,IN,119.69,CARD_NOT_PRESENT,841
U100232,RU,80.84,CARD_PRESENT,1799
U100233,US,25.09,CARD_PRESENT,2010
U100234,NG,36.72,CARD_NOT_PRESENT,559
U100235,AE,155.16,CARD_NOT_PRESENT,1636
U100236,IN,26.07,UPI_WALLET,566
U100237,AE,63.17,CARD_NOT_PRESENT,502
U100238,IN,274.27,CARD_NOT_PRESENT,2400
U100239,IN,121.7,CARD_PRESENT,1525
U100240,AE,141.69,CARD_NOT_PRESENT,494
U100241,AE,72.76,CARD_PRESENT,353
U100242,IN,23.38,UPI_WALLET,124
U100243,IN,100.72,CARD_NOT_PRESENT,1242
U100244,US,38.71,UPI_WALLET,253
U100245,SG,35.9,CARD_NOT_PRESENT,1459
U100246,US,93.12,CARD_PRESENT,1084
U100247,IN,40.81,UPI_WALLET,1589
U100248,IN,86.05,UPI_WALLET,519
U100249,IN,53.51,UPI_WALLET,364
U100250,US,84.04,CARD_NOT_PRESENT,252
U100251,SG,60.3,UPI_WALLET,239
U100252,IN,85.64,CARD_PRESENT,181
U100253,IN,210.97,CARD_NOT_PRESENT,647
U100254,IN,143.76,UPI_WALLET,2001
U100255,GB,79.27,CARD_PRESENT,1517
U100256,AE,190.21,UPI_WALLET,626
U100257,IN,113.65,CARD_NOT_PRESENT,2329
U100258,IN,182.04,CARD_PRESENT,1902
U100259,US,28.4,CARD_PRESENT,1948
U100260,IN,41.16,UPI_WALLET,2246
U100261,AE,99.93,UPI_WALLET,1864
U100262,IN,77.92,CARD_PRESENT,2392
U100263,IN,85.77,CARD_PRESENT,826
U100264,NG,125.89,CARD_PRESENT,2140
U100265,IN,100.6,CARD_PRESENT,280
U100266,IN,152.66,UPI_WALLET,751
U100267,IN,150.0,CARD_PRESENT,2229
U100268,IN,42.63,CARD_PRESENT,334
U100269,IN,13.91,CARD_PRESENT,1252
U100270,IN,40.59,CARD_NOT_PRESENT,852
U100271,IN,38.63,UPI_WALLET,252
U100272,IN,90.19,UPI_WALLET,590
U100273,US,89.41,CARD_NOT_PRESENT,1337
U100274,US,74.72,WIRE_TRANSFER,1577
U100275,IN,116.53,CARD_NOT_PRESENT,1688
U100276,IN,350.63,UPI_WALLET,329
U100277,IN,73.59,CARD_NOT_PRESENT,800
U100278,SG,102.73,CARD_PRESENT,261
U100279,SG,85.76,UPI_WALLET,24
U100280,IN,56.49,CARD_NOT_PRESENT,976
U100281,IN,126.65,UPI_WALLET,1554
U100282,IN,71.09,CARD_PRESENT,927
U100283,IN,48.12,CARD_NOT_PRESENT,101
U100284,US,50.8,UPI_WALLET,550
U100285,IN,156.17,CARD_PRESENT,1082
U100286,IN,124.62,CARD_PRESENT,890
U100287,IN,61.07,CARD_PRESENT,2062
U100288,IN,115.28,CARD_NOT_PRESENT,1495
U100289,IN,86.45,UPI_WALLET,2497
U100290,AE,103.91,CARD_NOT_PRESENT,439
U100291,IN,55.43,WIRE_TRANSFER,926
U100292,NG,39.56,CARD_NOT_PRESENT,219
U100293,IN,70.81,CARD_NOT_PRESENT,51
U100294,AE,44.8,CARD_PRESENT,2310
U100295,SG,42.37,CARD_PRESENT,1232
U100296,RU,29.7,UPI_WALLET,1649
U100297,AE,14.0,CARD_PRESENT,691
U100298,GB,61.85,CARD_PRESENT,129
U100299,US,174.98,UPI_WALLET,2232
U100300,GB,148.14,CARD_NOT_PRESENT,1646
U100301,IN,230.95,CARD_PRESENT,1779
U100302,IN,41.02,UPI_WALLET,1333
U100303,IN,132.0,CARD_NOT_PRESENT,1011
U100304,SG,79.01,UPI_WALLET,1056
U100305,IN,50.87,UPI_WALLET,1905
U100306,IN,162.42,CARD_PRESENT,568
U100307,US,79.56,CARD_PRESENT,853
U100308,IN,21.03,CARD_PRESENT,769
U100309,IN,147.13,UPI_WALLET,1304
U100310,IN,110.13,CARD_NOT_PRESENT,2419
U100311,IN,93.69,UPI_WALLET,2307
U100312,IN,35.11,CARD_NOT_PRESENT,1362
U100313,IN,101.14,CARD_PRESENT,501
U100314,IN,211.32,CARD_PRESENT,2351
U100315,IN,108.13,CARD_PRESENT,783
U100316,IN,26.44,CARD_NOT_PRESENT,891
U100317,US,113.6,CARD_NOT_PRESENT,2214
U100318,IN,108.88,WIRE_TRANSFER,659
U100319,NG,139.01,CARD_PRESENT,1155
U100320,NG,106.88,UPI_WALLET,2292
U100321,IN,42.48,CARD_PRESENT,795
U100322,IN,90.31,UPI_WALLET,1561
U100323,IN,71.67,CARD_PRESENT,94
U100324,AE,97.69,UPI_WALLET,2489
U100325,US,166.22,CARD_PRESENT,1047
U100326,AE,53.38,CARD_PRESENT,1676
U100327,IN,252.97,CARD_NOT_PRESENT,1252
U100328,US,113.11,CARD_NOT_PRESENT,1085
U100329,IN,147.66,CARD_NOT_PRESENT,1016
U100330,GB,135.15,CARD_PRESENT,45
U100331,IN,110.14,WIRE_TRANSFER,694
U100332,US,123.74,CARD_PRESENT,952
U100333,SG,6.32,CARD_NOT_PRESENT,923
U100334,IN,134.99,UPI_WALLET,684
U100335,US,44.99,UPI_WALLET,1606
U100336,IN,82.85,CARD_PRESENT,2073
U100337,GB,109.63,CARD_NOT_PRESENT,2228
U100338,IN,170.97,CARD_PRESENT,2430
U100339,NG,45.0,CARD_NOT_PRESENT,1624
U100340,IN,62.95,CARD_NOT_PRESENT,1028
U100341,RU,69.11,UPI_WALLET,1615
U100342,AE,98.48,UPI_WALLET,331
U100343,US,72.13,CARD_PRESENT,2042
U100344,AE,124.1,CARD_PRESENT,1337
U100345,AE,21.7,CARD_NOT_PRESENT,413
U100346,NG,78.42,CARD_NOT_PRESENT,1065
U100347,IN,224.4,CARD_NOT_PRESENT,753
U100348,US,72.26,CARD_NOT_PRESENT,874
U100349,IN,113.39,CARD_NOT_PRESENT,127
U100350,US,154.53,WIRE_TRANSFER,41
U100351,IN,110.99,CARD_NOT_PRESENT,874
U100352,US,267.08,CARD_PRESENT,754
U100353,US,91.74,CARD_PRESENT,2497
U100354,IN,128.14,CARD_NOT_PRESENT,657
U100355,IN,101.21,CARD_PRESENT,823
U100356,GB,196.64,CARD_PRESENT,2288
U100357,AE,65.14,CARD_PRESENT,2149
U100358,IN,280.5,UPI_WALLET,143
U100359,US,54.35,WIRE_TRANSFER,215
U100360,NG,237.84,CARD_NOT_PRESENT,238
U100361,IN,41.2,CARD_PRESENT,1149
U100362,IN,130.82,CARD_NOT_PRESENT,1431
U100363,IN,86.45,CARD_NOT_PRESENT,879
U100364,US,152.5,WIRE_TRANSFER,33
U100365,IN,115.22,CARD_NOT_PRESENT,504
U100366,GB,147.28,UPI_WALLET,1536
U100367,US,40.14,WIRE_TRANSFER,931
U100368,IN,24.84,CARD_NOT_PRESENT,309
U100369,SG,35.4,CARD_PRESENT,1628
U100370,GB,34.73,CARD_NOT_PRESENT,1533
U100371,IN,39.78,CARD_NOT_PRESENT,1226
U100372,IN,57.0,CARD_NOT_PRESENT,2350
U100373,IN,56.64,WIRE_TRANSFER,2110
U100374,IN,87.84,CARD_PRESENT,100
U100375,IN,47.4,CARD_NOT_PRESENT,2262
U100376,NG,50.19,CARD_PRESENT,124
U100377,IN,75.3,CARD_PRESENT,1205
U100378,IN,165.93,CARD_NOT_PRESENT,2254
U100379,GB,64.35,UPI_WALLET,2454
U100380,US,83.95,CARD_NOT_PRESENT,57
U100381,NG,93.41,CARD_PRESENT,180
U100382,AE,43.27,CARD_PRESENT,603
U100383,IN,68.82,CARD_NOT_PRESENT,691
U100384,IN,53.12,CARD_NOT_PRESENT,699
U100385,BR,156.07,UPI_WALLET,1042
U100386,GB,147.99,CARD_NOT_PRESENT,797
U100387,RU,49.31,UPI_WALLET,1457
U100388,IN,82.86,UPI_WALLET,2135
U100389,SG,128.21,CARD_NOT_PRESENT,1365
U100390,US,107.1,CARD_NOT_PRESENT,830
U100391,IN,114.75,UPI_WALLET,1420
U100392,US,43.46,WIRE_TRANSFER,1551
U100393,US,232.45,CARD_NOT_PRESENT,2240
U100394,IN,56.21,CARD_NOT_PRESENT,2368
U100395,IN,55.08,CARD_NOT_PRESENT,694
U100396,AE,32.23,UPI_WALLET,2295
U100397,IN,77.57,WIRE_TRANSFER,2042
U100398,IN,177.11,WIRE_TRANSFER,321
U100399,IN,106.39,CARD_PRESENT,1395
U100400,IN,81.78,CARD_PRESENT,381
U100401,NG,141.18,UPI_WALLET,1226
U100402,AE,174.35,CARD_NOT_PRESENT,112
U100403,IN,147.78,WIRE_TRANSFER,749
U100404,BR,19.58,CARD_PRESENT,1470
U100405,SG,141.95,UPI_WALLET,760
U100406,IN,117.72,UPI_WALLET,26
U100407,AE,48.52,CARD_PRESENT,971
U100408,IN,118.04,CARD_PRESENT,1353
U100409,BR,177.34,UPI_WALLET,1909
U100410,US,57.99,CARD_PRESENT,341
U100411,US,154.52,UPI_WALLET,1192
U100412,IN,107.94,CARD_NOT_PRESENT,497
U100413,SG,8.02,CARD_NOT_PRESENT,385
U100414,IN,85.91,CARD_PRESENT,305
U100415,IN,105.13,WIRE_TRANSFER,1899
U100416,IN,70.74,UPI_WALLET,2298
U100417,GB,110.6,UPI_WALLET,1658
U100418,IN,79.77,UPI_WALLET,946
U100419,NG,315.96,CARD_NOT_PRESENT,2373
U100420,US,67.32,WIRE_TRANSFER,1243
U100421,IN,49.55,CARD_NOT_PRESENT,1324
U100422,IN,149.58,CARD_NOT_PRESENT,1586
U100423,IN,73.43,CARD_PRESENT,1636
U100424,US,82.72,CARD_PRESENT,1230
U100425,AE,77.96,UPI_WALLET,1198
U100426,IN,144.34,CARD_PRESENT,795
U100427,AE,39.55,UPI_WALLET,1702
U100428,IN,154.32,WIRE_TRANSFER,1681
U100429,AE,124.05,CARD_NOT_PRESENT,1090
U100430,NG,253.47,CARD_PRESENT,1780
U100431,GB,99.77,UPI_WALLET,345
U100432,US,41.76,CARD_PRESENT,1041
U100433,AE,100.5,UPI_WALLET,2466
U100434,IN,108.91,CARD_NOT_PRESENT,1834
U100435,IN,187.07,CARD_NOT_PRESENT,1801
U100436,IN,41.68,CARD_NOT_PRESENT,2158
U100437,IN,26.46,CARD_NOT_PRESENT,1521
U100438,GB,101.91,CARD_PRESENT,1656
U100439,US,260.33,CARD_PRESENT,1204
U100440,SG,135.96,CARD_NOT_PRESENT,2065
U100441,IN,141.07,UPI_WALLET,1778
U100442,GB,31.57,CARD_PRESENT,1309
U100443,IN,90.96,CARD_PRESENT,317
U100444,IN,189.3,CARD_PRESENT,2015
U100445,GB,109.76,CARD_NOT_PRESENT,815
U100446,BR,25.04,CARD_PRESENT,898
U100447,US,89.73,UPI_WALLET,312
U100448,IN,129.88,CARD_PRESENT,543
U100449,US,83.22,UPI_WALLET,315
U100450,IN,45.65,CARD_PRESENT,244
U100451,SG,152.5,CARD_NOT_PRESENT,54
U100452,GB,65.43,CARD_PRESENT,737
U100453,IN,116.72,UPI_WALLET,1889
U100454,IN,88.12,WIRE_TRANSFER,2159
U100455,IN,63.68,CARD_PRESENT,569
U100456,BR,278.6,WIRE_TRANSFER,1060
U100457,IN,58.67,CARD_PRESENT,2080
U100458,AE,93.2,CARD_NOT_PRESENT,1767
U100459,US,87.93,UPI_WALLET,2261
U100460,US,100.21,CARD_PRESENT,1051
U100461,IN,265.82,CARD_NOT_PRESENT,422
U100462,NG,129.99,CARD_PRESENT,358
U100463,IN,63.24,UPI_WALLET,1772
U100464,US,215.64,CARD_NOT_PRESENT,66
U100465,US,144.76,UPI_WALLET,1151
U100466,US,64.13,CARD_PRESENT,883
U100467,NG,195.24,WIRE_TRANSFER,2297
U100468,IN,31.3,CARD_PRESENT,2495
U100469,IN,38.31,CARD_NOT_PRESENT,1211
U100470,IN,23.7,CARD_PRESENT,1450
U100471,IN,16.04,CARD_PRESENT,947
U100472,IN,186.53,CARD_PRESENT,1942
U100473,IN,101.06,UPI_WALLET,737
U100474,IN,25.53,CARD_PRESENT,1861
U100475,IN,86.37,CARD_NOT_PRESENT,2259
U100476,IN,157.59,WIRE_TRANSFER,430
U100477,US,51.32,CARD_PRESENT,566
U100478,US,70.75,CARD_PRESENT,946
U100479,IN,286.81,CARD_PRESENT,2069
U100480,IN,75.38,CARD_PRESENT,1602
U100481,IN,27.26,CARD_NOT_PRESENT,486
U100482,US,60.49,UPI_WALLET,920
U100483,IN,24.13,CARD_PRESENT,1608
U100484,IN,136.98,CARD_PRESENT,2411
U100485,IN,46.05,CARD_NOT_PRESENT,1128
U100486,IN,44.95,CARD_PRESENT,187
U100487,IN,303.14,CARD_NOT_PRESENT,262
U100488,US,35.1,WIRE_TRANSFER,72
U100489,US,30.29,CARD_PRESENT,315
U100490,GB,39.87,CARD_NOT_PRESENT,1031
U100491,US,160.78,UPI_WALLET,704
U100492,US,125.43,UPI_WALLET,753
U100493,IN,59.92,UPI_WALLET,1916
U100494,AE,55.99,UPI_WALLET,1193
U100495,IN,119.16,CARD_NOT_PRESENT,1822
U100496,IN,103.68,CARD_NOT_PRESENT,1355
U100497,US,78.87,UPI_WALLET,513
U100498,IN,128.3,UPI_WALLET,2370
U100499,IN,37.83,UPI_WALLET,1191
U100500,GB,46.64,CARD_NOT_PRESENT,2090
U100501,SG,132.74,UPI_WALLET,243
U100502,NG,109.41,CARD_PRESENT,2123
U100503,IN,90.59,CARD_PRESENT,1790
U100504,IN,296.44,CARD_PRESENT,625
U100505,AE,147.1,CARD_PRESENT,1983
U100506,IN,61.24,UPI_WALLET,1856
U100507,AE,49.78,CARD_PRESENT,2233
U100508,IN,112.91,UPI_WALLET,525
U100509,IN,186.16,CARD_NOT_PRESENT,2214
U100510,IN,21.23,CARD_PRESENT,1905
U100511,AE,107.5,CARD_PRESENT,845
U100512,IN,69.91,CARD_NOT_PRESENT,876
U100513,IN,101.04,UPI_WALLET,637
U100514,IN,28.58,CARD_NOT_PRESENT,1192
U100515,IN,186.07,CARD_PRESENT,2241
U100516,IN,218.6,CARD_PRESENT,2094
U100517,GB,138.43,CARD_PRESENT,365
U100518,IN,246.75,CARD_PRESENT,329
U100519,AE,67.44,WIRE_TRANSFER,149
U100520,SG,105.8,CARD_PRESENT,1535
U100521,IN,139.78,CARD_PRESENT,786
U100522,IN,113.91,UPI_WALLET,1902
U100523,US,73.77,UPI_WALLET,1900
U100524,IN,79.47,CARD_NOT_PRESENT,495
U100525,IN,206.17,CARD_NOT_PRESENT,1735
U100526,RU,87.45,WIRE_TRANSFER,1911
U100527,BR,179.39,CARD_PRESENT,2467
U100528,GB,84.33,CARD_PRESENT,1806
U100529,IN,178.7,UPI_WALLET,899
U100530,US,94.02,UPI_WALLET,2499
U100531,GB,132.27,WIRE_TRANSFER,690
U100532,IN,54.46,CARD_PRESENT,2013
U100533,US,105.64,WIRE_TRANSFER,946
U100534,IN,55.06,CARD_PRESENT,2337
U100535,IN,66.26,UPI_WALLET,1955
U100536,IN,70.17,UPI_WALLET,1499
U100537,IN,78.52,CARD_PRESENT,536
U100538,IN,165.66,CARD_PRESENT,471
U100539,AE,64.44,CARD_NOT_PRESENT,2369
U100540,BR,98.44,UPI_WALLET,2004
U100541,US,179.06,CARD_PRESENT,1281
U100542,AE,130.47,UPI_WALLET,2193
U100543,BR,21.6,CARD_PRESENT,1958
U100544,IN,27.96,CARD_NOT_PRESENT,969
U100545,IN,115.33,CARD_PRESENT,2068
U100546,IN,62.11,WIRE_TRANSFER,1990
U100547,IN,24.95,CARD_PRESENT,1197
U100548,GB,58.88,CARD_NOT_PRESENT,49
U100549,IN,118.21,CARD_PRESENT,1853
U100550,IN,69.61,WIRE_TRANSFER,849
U100551,IN,92.1,UPI_WALLET,912
U100552,IN,74.12,CARD_PRESENT,1784
U100553,SG,53.04,CARD_PRESENT,2027
U100554,IN,104.27,CARD_NOT_PRESENT,220
U100555,IN,22.88,CARD_NOT_PRESENT,2059
U100556,IN,48.18,UPI_WALLET,732
U100557,IN,146.74,CARD_NOT_PRESENT,1415
U100558,US,28.67,CARD_NOT_PRESENT,2171
U100559,IN,88.96,UPI_WALLET,546
U100560,IN,65.77,CARD_NOT_PRESENT,553
U100561,IN,61.36,CARD_PRESENT,2425
U100562,AE,155.86,CARD_PRESENT,933
U100563,US,175.76,CARD_PRESENT,2367
U100564,US,39.8,CARD_NOT_PRESENT,893
U100565,US,78.97,CARD_PRESENT,1549
U100566,GB,18.21,CARD_NOT_PRESENT,1276
U100567,IN,150.23,CARD_PRESENT,2459
U100568,IN,85.8,UPI_WALLET,1376
U100569,IN,27.13,CARD_PRESENT,1257
U100570,IN,49.95,CARD_NOT_PRESENT,1166
U100571,AE,37.11,CARD_PRESENT,939
U100572,IN,47.83,CARD_PRESENT,1100
U100573,GB,19.66,CARD_PRESENT,1151
U100574,SG,204.78,CARD_NOT_PRESENT,1909
U100575,IN,40.97,UPI_WALLET,115
U100576,SG,88.82,CARD_PRESENT,1252
U100577,US,117.5,UPI_WALLET,1373
U100578,SG,175.92,CARD_NOT_PRESENT,1883
U100579,IN,90.93,CARD_NOT_PRESENT,1665
U100580,IN,73.32,CARD_NOT_PRESENT,1080
U100581,IN,93.56,CARD_PRESENT,274
U100582,IN,39.62,UPI_WALLET,930
U100583,IN,42.13,UPI_WALLET,639
U100584,NG,72.12,UPI_WALLET,511
U100585,US,14.46,CARD_PRESENT,1803
U100586,IN,53.87,UPI_WALLET,1195
U100587,IN,62.9,CARD_PRESENT,1984
U100588,IN,270.15,CARD_NOT_PRESENT,346
U100589,IN,190.51,CARD_PRESENT,2464
U100590,NG,117.22,CARD_PRESENT,1183
U100591,IN,152.65,CARD_NOT_PRESENT,633
U100592,IN,41.86,UPI_WALLET,907
U100593,US,95.28,CARD_PRESENT,2103
U100594,IN,140.67,CARD_NOT_PRESENT,1775
U100595,IN,42.15,CARD_NOT_PRESENT,431
U100596,GB,28.03,WIRE_TRANSFER,2475
U100597,US,109.16,UPI_WALLET,328
U100598,BR,30.61,CARD_PRESENT,689
U100599,US,124.36,CARD_PRESENT,1823
U100600,IN,174.01,CARD_NOT_PRESENT,1324
U100601,GB,43.19,CARD_PRESENT,1115
U100602,SG,45.77,WIRE_TRANSFER,2315
U100603,GB,170.76,WIRE_TRANSFER,1985
U100604,RU,91.27,WIRE_TRANSFER,2405
U100605,AE,156.46,CARD_PRESENT,707
U100606,SG,74.0,UPI_WALLET,2126
U100607,IN,77.96,UPI_WALLET,533
U100608,GB,89.65,CARD_PRESENT,2014
U100609,IN,236.34,CARD_PRESENT,1372
U100610,US,148.7,CARD_PRESENT,1495
U100611,US,52.57,CARD_NOT_PRESENT,289
U100612,RU,99.97,WIRE_TRANSFER,2198
U100613,BR,70.4,UPI_WALLET,697
U100614,IN,61.36,CARD_PRESENT,1495
U100615,GB,122.09,CARD_NOT_PRESENT,416
U100616,GB,106.26,CARD_PRESENT,2314
U100617,IN,43.57,CARD_PRESENT,800
U100618,IN,89.81,CARD_PRESENT,1907
U100619,IN,60.0,CARD_NOT_PRESENT,1913
U100620,GB,117.07,UPI_WALLET,1376
U100621,IN,58.09,UPI_WALLET,302
U100622,BR,78.3,UPI_WALLET,700
U100623,IN,62.58,CARD_PRESENT,1530
U100624,RU,22.22,UPI_WALLET,1340
U100625,IN,229.02,CARD_PRESENT,1462
U100626,AE,89.13,CARD_NOT_PRESENT,624
U100627,IN,234.02,CARD_NOT_PRESENT,1345
U100628,US,91.9,CARD_PRESENT,214
U100629,AE,136.59,CARD_PRESENT,1211
U100630,NG,55.16,CARD_PRESENT,229
U100631,AE,56.17,CARD_PRESENT,1659
U100632,IN,85.77,WIRE_TRANSFER,1417
U100633,IN,232.71,CARD_PRESENT,2129
U100634,IN,44.73,CARD_NOT_PRESENT,1155
U100635,IN,18.16,WIRE_TRANSFER,405
U100636,US,168.26,CARD_NOT_PRESENT,588
U100637,GB,142.04,CARD_NOT_PRESENT,2035
U100638,GB,65.14,WIRE_TRANSFER,2395
U100639,SG,289.94,CARD_PRESENT,154
U100640,GB,297.76,CARD_PRESENT,1691
U100641,AE,20.99,CARD_NOT_PRESENT,1205
U100642,IN,54.21,CARD_NOT_PRESENT,645
U100643,IN,85.35,UPI_WALLET,1279
U100644,US,114.99,CARD_PRESENT,2339
U100645,SG,103.88,CARD_NOT_PRESENT,494
U100646,IN,88.9,UPI_WALLET,2092
U100647,IN,39.75,WIRE_TRANSFER,225
U100648,US,124.53,CARD_PRESENT,1801
U100649,IN,129.16,CARD_PRESENT,188
U100650,IN,160.78,WIRE_TRANSFER,152
U100651,SG,35.59,CARD_NOT_PRESENT,94
U100652,US,76.21,CARD_PRESENT,2012
U100653,IN,62.89,CARD_PRESENT,1434
U100654,SG,35.08,UPI_WALLET,1726
U100655,IN,75.37,CARD_NOT_PRESENT,389
U100656,SG,41.28,CARD_NOT_PRESENT,2303
U100657,IN,30.73,UPI_WALLET,2021
U100658,US,143.22,CARD_PRESENT,1222
U100659,IN,64.89,CARD_PRESENT,2247
U100660,IN,52.31,CARD_NOT_PRESENT,358
U100661,SG,186.13,UPI_WALLET,731
U100662,IN,131.68,CARD_PRESENT,122
U100663,IN,16.65,UPI_WALLET,412
U100664,IN,115.48,CARD_PRESENT,2103
U100665,GB,115.12,CARD_PRESENT,1024
U100666,AE,73.18,WIRE_TRANSFER,1613
U100667,BR,71.25,CARD_PRESENT,2204
U100668,IN,24.34,CARD_PRESENT,1910
U100669,IN,287.87,UPI_WALLET,1000
U100670,IN,75.16,CARD_NOT_PRESENT,871
U100671,US,111.39,CARD_NOT_PRESENT,271
U100672,BR,78.1,UPI_WALLET,2074
U100673,GB,52.95,CARD_PRESENT,2461
U100674,US,150.37,UPI_WALLET,1250
U100675,IN,97.94,CARD_PRESENT,1249
U100676,NG,75.61,CARD_PRESENT,2121
U100677,IN,110.6,UPI_WALLET,856
U100678,IN,83.17,CARD_PRESENT,1016
U100679,IN,244.04,UPI_WALLET,2234
U100680,IN,147.11,WIRE_TRANSFER,949
U100681,IN,122.65,UPI_WALLET,2318
U100682,IN,26.72,CARD_PRESENT,404
U100683,IN,125.45,CARD_PRESENT,1242
U100684,US,123.42,UPI_WALLET,1224
U100685,IN,41.84,CARD_NOT_PRESENT,767
U100686,IN,26.23,UPI_WALLET,2407
U100687,RU,143.26,UPI_WALLET,1207
U100688,GB,154.87,CARD_PRESENT,2197
U100689,IN,56.39,CARD_PRESENT,548
U100690,IN,54.56,CARD_NOT_PRESENT,873
U100691,SG,96.81,CARD_NOT_PRESENT,1196
U100692,IN,64.74,CARD_PRESENT,1410
U100693,IN,25.78,CARD_NOT_PRESENT,574
U100694,SG,41.48,UPI_WALLET,783
U100695,IN,108.72,CARD_NOT_PRESENT,1555
U100696,GB,43.27,CARD_PRESENT,696
U100697,US,159.88,UPI_WALLET,1899
U100698,US,122.13,UPI_WALLET,1193
U100699,IN,111.61,WIRE_TRANSFER,2423
U100700,IN,95.46,CARD_PRESENT,595
U100701,IN,51.21,UPI_WALLET,2106
U100702,IN,133.14,UPI_WALLET,1225
U100703,SG,50.14,UPI_WALLET,216
U100704,IN,165.59,CARD_PRESENT,1763
U100705,US,220.49,CARD_PRESENT,529
U100706,AE,97.55,CARD_NOT_PRESENT,347
U100707,AE,202.45,CARD_PRESENT,1329
U100708,IN,41.92,CARD_PRESENT,1964
U100709,IN,123.02,WIRE_TRANSFER,644
U100710,BR,87.39,CARD_PRESENT,1557
U100711,US,144.84,WIRE_TRANSFER,36
U100712,AE,17.42,CARD_NOT_PRESENT,462
U100713,SG,139.36,UPI_WALLET,1887
U100714,AE,54.83,CARD_PRESENT,33
U100715,IN,90.34,CARD_NOT_PRESENT,895
U100716,US,284.81,CARD_NOT_PRESENT,1270
U100717,IN,125.71,WIRE_TRANSFER,166
U100718,US,115.16,CARD_PRESENT,2446
U100719,RU,109.09,CARD_PRESENT,1272
U100720,IN,176.65,WIRE_TRANSFER,847
U100721,IN,148.03,CARD_PRESENT,2443
U100722,IN,109.89,CARD_NOT_PRESENT,1396
U100723,RU,101.1,CARD_PRESENT,1696
U100724,IN,96.68,CARD_PRESENT,226
U100725,IN,84.15,CARD_NOT_PRESENT,397
U100726,IN,35.13,CARD_NOT_PRESENT,113
U100727,IN,123.97,CARD_NOT_PRESENT,1286
U100728,IN,58.84,CARD_NOT_PRESENT,2091
U100729,IN,77.32,UPI_WALLET,2254
U100730,IN,154.47,WIRE_TRANSFER,1436
U100731,IN,85.51,CARD_PRESENT,136
U100732,IN,81.04,CARD_PRESENT,1565
U100733,IN,97.75,CARD_PRESENT,1595
U100734,IN,70.62,UPI_WALLET,1493
U100735,US,281.01,CARD_PRESENT,1803
U100736,IN,257.25,UPI_WALLET,1393
U100737,IN,253.08,CARD_NOT_PRESENT,1760
U100738,IN,109.33,CARD_NOT_PRESENT,1216
U100739,IN,56.18,UPI_WALLET,376
U100740,IN,157.13,CARD_NOT_PRESENT,200
U100741,IN,71.0,CARD_NOT_PRESENT,2268
U100742,SG,165.99,CARD_PRESENT,1103
U100743,IN,54.3,CARD_NOT_PRESENT,806
U100744,IN,114.55,CARD_PRESENT,733
U100745,IN,180.99,UPI_WALLET,130
U100746,IN,73.79,CARD_NOT_PRESENT,2362
U100747,IN,73.6,CARD_PRESENT,208
U100748,AE,28.38,CARD_PRESENT,548
U100749,AE,55.51,CARD_NOT_PRESENT,1144
U100750,IN,107.93,WIRE_TRANSFER,895
U100751,IN,118.87,CARD_PRESENT,100
U100752,IN,130.34,CARD_PRESENT,823
U100753,IN,20.54,CARD_NOT_PRESENT,1949
U100754,US,71.24,WIRE_TRANSFER,627
U100755,IN,31.08,UPI_WALLET,2164
U100756,IN,104.38,CARD_PRESENT,901
U100757,NG,24.37,CARD_NOT_PRESENT,34
U100758,IN,38.38,UPI_WALLET,273
U100759,IN,146.42,UPI_WALLET,2025
U100760,GB,60.21,CARD_NOT_PRESENT,1014
U100761,IN,203.53,UPI_WALLET,2453
U100762,IN,132.55,CARD_NOT_PRESENT,1972
U100763,IN,74.08,CARD_PRESENT,76
U100764,NG,161.33,CARD_PRESENT,781
U100765,IN,78.5,CARD_NOT_PRESENT,1812
U100766,IN,141.12,CARD_PRESENT,158
U100767,IN,53.55,CARD_NOT_PRESENT,2497
U100768,IN,167.31,UPI_WALLET,416
U100769,US,26.23,UPI_WALLET,1992
U100770,IN,38.34,CARD_PRESENT,2101
U100771,US,43.5,CARD_PRESENT,1263
U100772,US,57.73,UPI_WALLET,2009
U100773,AE,110.48,CARD_NOT_PRESENT,2212
U100774,IN,88.65,CARD_PRESENT,1836
U100775,SG,142.16,UPI_WALLET,1770
U100776,US,182.58,CARD_PRESENT,972
U100777,IN,23.98,CARD_PRESENT,731
U100778,GB,196.52,UPI_WALLET,2169
U100779,SG,77.31,CARD_NOT_PRESENT,561
U100780,IN,250.04,CARD_NOT_PRESENT,1036
U100781,NG,51.83,UPI_WALLET,1281
U100782,IN,18.76,WIRE_TRANSFER,977
U100783,US,133.52,CARD_PRESENT,933
U100784,BR,128.2,CARD_NOT_PRESENT,1498
U100785,IN,39.12,CARD_PRESENT,824
U100786,AE,42.18,CARD_NOT_PRESENT,2471
U100787,IN,149.01,CARD_NOT_PRESENT,445
U100788,AE,113.99,CARD_NOT_PRESENT,973
U100789,US,72.02,CARD_PRESENT,2113
U100790,IN,121.62,UPI_WALLET,1189
U100791,IN,106.66,CARD_NOT_PRESENT,1762
U100792,IN,45.62,UPI_WALLET,1617
U100793,IN,156.16,CARD_NOT_PRESENT,828
U100794,IN,137.34,UPI_WALLET,1860
U100795,IN,90.02,CARD_NOT_PRESENT,594
U100796,IN,149.07,CARD_NOT_PRESENT,1874
U100797,IN,269.49,UPI_WALLET,321
U100798,GB,41.8,UPI_WALLET,1735
U100799,GB,74.3,CARD_NOT_PRESENT,282
U100800,GB,76.88,CARD_NOT_PRESENT,2172
U100801,IN,146.99,CARD_NOT_PRESENT,1564
U100802,SG,57.22,CARD_NOT_PRESENT,102
U100803,US,141.78,CARD_NOT_PRESENT,272
U100804,IN,62.19,UPI_WALLET,469
U100805,IN,38.2,CARD_NOT_PRESENT,2400
U100806,US,93.64,CARD_NOT_PRESENT,1474
U100807,IN,61.22,CARD_NOT_PRESENT,698
U100808,IN,99.97,WIRE_TRANSFER,692
U100809,BR,116.25,CARD_PRESENT,65
U100810,IN,25.41,CARD_PRESENT,508
U100811,IN,66.36,CARD_PRESENT,2138
U100812,BR,93.69,UPI_WALLET,1497
U100813,US,149.47,CARD_NOT_PRESENT,919
U100814,IN,137.99,CARD_NOT_PRESENT,54
U100815,SG,48.55,CARD_PRESENT,858
U100816,SG,79.52,UPI_WALLET,957
U100817,IN,120.21,CARD_NOT_PRESENT,297
U100818,US,75.77,CARD_NOT_PRESENT,1518
U100819,IN,52.09,CARD_PRESENT,1651
U100820,IN,86.36,CARD_PRESENT,2495
U100821,US,112.93,CARD_PRESENT,897
U100822,IN,45.14,CARD_NOT_PRESENT,690
U100823,US,128.73,CARD_NOT_PRESENT,2057
U100824,AE,97.42,CARD_PRESENT,876
U100825,IN,131.74,CARD_PRESENT,1576
U100826,US,85.06,CARD_PRESENT,1844
U100827,IN,244.63,CARD_NOT_PRESENT,2199
U100828,SG,111.51,CARD_PRESENT,797
U100829,IN,141.38,CARD_PRESENT,1556
U100830,US,128.39,CARD_PRESENT,328
U100831,US,78.81,UPI_WALLET,1948
U100832,IN,105.07,WIRE_TRANSFER,113
U100833,US,58.19,CARD_NOT_PRESENT,1741
U100834,GB,233.73,CARD_PRESENT,523
U100835,US,119.62,WIRE_TRANSFER,1157
U100836,GB,49.87,WIRE_TRANSFER,191
U100837,BR,201.38,CARD_NOT_PRESENT,1721
U100838,IN,81.59,CARD_PRESENT,1205
U100839,IN,154.16,UPI_WALLET,1659
U100840,IN,24.87,WIRE_TRANSFER,869
U100841,AE,178.87,UPI_WALLET,17
U100842,IN,116.46,CARD_NOT_PRESENT,1452
U100843,IN,46.99,CARD_NOT_PRESENT,1746
U100844,IN,115.15,WIRE_TRANSFER,1662
U100845,SG,219.33,CARD_PRESENT,656
U100846,IN,59.43,CARD_PRESENT,1791
U100847,US,58.86,UPI_WALLET,1355
U100848,IN,78.0,CARD_PRESENT,526
U100849,RU,93.11,CARD_NOT_PRESENT,279
U100850,IN,160.57,CARD_PRESENT,813
U100851,IN,120.66,CARD_PRESENT,58
U100852,SG,77.95,CARD_PRESENT,1790
U100853,NG,108.04,CARD_NOT_PRESENT,38
U100854,IN,241.61,CARD_NOT_PRESENT,122
U100855,IN,134.22,CARD_NOT_PRESENT,396
U100856,GB,83.71,CARD_PRESENT,815
U100857,SG,76.4,WIRE_TRANSFER,50
U100858,IN,103.91,CARD_NOT_PRESENT,1575
U100859,IN,159.33,WIRE_TRANSFER,331
U100860,GB,53.61,CARD_NOT_PRESENT,2008
U100861,GB,145.88,CARD_PRESENT,1398
U100862,AE,82.58,UPI_WALLET,209
U100863,US,90.96,UPI_WALLET,1001
U100864,IN,361.12,CARD_PRESENT,351
U100865,SG,136.68,CARD_NOT_PRESENT,2451
U100866,SG,62.58,UPI_WALLET,1481
U100867,AE,116.24,CARD_PRESENT,2021
U100868,IN,164.35,CARD_NOT_PRESENT,936
U100869,IN,137.63,CARD_PRESENT,367
U100870,GB,16.34,CARD_PRESENT,588
U100871,IN,88.47,UPI_WALLET,1042
U100872,RU,119.52,CARD_NOT_PRESENT,1926
U100873,IN,113.42,UPI_WALLET,1077
U100874,GB,66.15,UPI_WALLET,2321
U100875,SG,139.12,WIRE_TRANSFER,905
U100876,IN,179.35,CARD_NOT_PRESENT,583
U100877,IN,26.04,CARD_NOT_PRESENT,1239
U100878,US,24.19,CARD_PRESENT,278
U100879,US,115.58,CARD_NOT_PRESENT,1675
U100880,IN,146.41,CARD_NOT_PRESENT,253
U100881,US,59.6,UPI_WALLET,1602
U100882,NG,17.11,CARD_NOT_PRESENT,956
U100883,IN,89.45,CARD_PRESENT,893
U100884,IN,114.51,UPI_WALLET,1527
U100885,IN,73.77,UPI_WALLET,1762
U100886,IN,166.89,CARD_NOT_PRESENT,2322
U100887,IN,110.08,UPI_WALLET,724
U100888,IN,55.18,CARD_NOT_PRESENT,2030
U100889,US,59.28,UPI_WALLET,2088
U100890,IN,90.75,CARD_NOT_PRESENT,2489
U100891,RU,70.4,CARD_NOT_PRESENT,2410
U100892,IN,23.01,CARD_PRESENT,1976
U100893,IN,104.06,CARD_PRESENT,737
U100894,GB,60.38,UPI_WALLET,1736
U100895,SG,67.75,CARD_NOT_PRESENT,1961
U100896,IN,41.52,CARD_PRESENT,729
U100897,IN,222.85,CARD_PRESENT,2033
U100898,IN,131.61,CARD_NOT_PRESENT,1755
U100899,IN,256.82,UPI_WALLET,1227
U100900,IN,73.52,CARD_NOT_PRESENT,2154
U100901,IN,136.37,UPI_WALLET,220
U100902,IN,105.24,UPI_WALLET,1710
U100903,IN,56.72,CARD_PRESENT,1965
U100904,RU,73.01,UPI_WALLET,101
U100905,US,131.46,CARD_PRESENT,1019
U100906,IN,41.48,CARD_NOT_PRESENT,1293
U100907,IN,167.92,CARD_PRESENT,520
U100908,IN,99.67,CARD_PRESENT,2198
U100909,IN,154.39,CARD_PRESENT,1566
U100910,GB,114.81,CARD_PRESENT,688
U100911,SG,26.2,UPI_WALLET,1092
U100912,SG,88.51,CARD_NOT_PRESENT,280
U100913,BR,170.19,WIRE_TRANSFER,219
U100914,BR,98.72,CARD_NOT_PRESENT,1866
U100915,RU,90.03,CARD_NOT_PRESENT,2459
U100916,IN,98.65,CARD_PRESENT,692
U100917,IN,21.62,CARD_NOT_PRESENT,612
U100918,IN,181.13,CARD_NOT_PRESENT,1710
U100919,US,13.92,WIRE_TRANSFER,1277
U100920,IN,204.6,WIRE_TRANSFER,349
U100921,AE,69.98,CARD_PRESENT,1668
U100922,US,119.99,CARD_NOT_PRESENT,525
U100923,IN,20.17,CARD_NOT_PRESENT,288
U100924,IN,145.42,CARD_NOT_PRESENT,1161
U100925,IN,130.23,CARD_PRESENT,1848
U100926,IN,125.25,UPI_WALLET,1303
U100927,SG,19.46,UPI_WALLET,1621
U100928,US,51.39,CARD_PRESENT,595
U100929,GB,115.19,CARD_NOT_PRESENT,1234
U100930,IN,178.1,CARD_PRESENT,1782
U100931,IN,45.97,WIRE_TRANSFER,1321
U100932,IN,46.91,CARD_PRESENT,599
U100933,GB,110.38,CARD_PRESENT,2387
U100934,GB,341.56,CARD_PRESENT,169
U100935,IN,57.44,UPI_WALLET,2277
U100936,NG,69.4,UPI_WALLET,1811
U100937,IN,62.47,CARD_PRESENT,280
U100938,SG,82.71,CARD_PRESENT,638
U100939,IN,186.87,UPI_WALLET,922
U100940,IN,85.7,CARD_NOT_PRESENT,2394
U100941,AE,361.68,CARD_PRESENT,1292
U100942,IN,96.39,WIRE_TRANSFER,645
U100943,IN,198.07,CARD_PRESENT,2300
U100944,IN,73.02,CARD_NOT_PRESENT,295
U100945,IN,35.21,CARD_PRESENT,2041
U100946,GB,85.61,UPI_WALLET,2076
U100947,SG,126.45,UPI_WALLET,966
U100948,SG,51.72,CARD_NOT_PRESENT,108
U100949,IN,179.05,UPI_WALLET,2215
U100950,IN,64.62,WIRE_TRANSFER,2418
U100951,IN,41.53,UPI_WALLET,946
U100952,IN,320.52,CARD_NOT_PRESENT,465
U100953,IN,49.77,CARD_NOT_PRESENT,678
U100954,NG,63.29,UPI_WALLET,341
U100955,SG,139.89,CARD_PRESENT,1525
U100956,GB,71.3,CARD_PRESENT,1296
U100957,IN,42.67,CARD_PRESENT,890
U100958,IN,58.95,UPI_WALLET,1627
U100959,IN,267.3,CARD_PRESENT,1556
U100960,IN,129.34,CARD_PRESENT,29
U100961,IN,145.88,CARD_NOT_PRESENT,1024
U100962,IN,106.9,CARD_PRESENT,2158
U100963,IN,118.94,CARD_PRESENT,1989
U100964,RU,67.6,CARD_NOT_PRESENT,2137
U100965,IN,98.32,CARD_PRESENT,2385
U100966,RU,18.14,WIRE_TRANSFER,154
U100967,IN,163.43,CARD_PRESENT,676
U100968,US,67.17,UPI_WALLET,1149
U100969,IN,37.59,CARD_NOT_PRESENT,1275
U100970,IN,102.06,CARD_PRESENT,1965
U100971,IN,78.7,CARD_PRESENT,1811
U100972,IN,159.8,CARD_NOT_PRESENT,1765
U100973,NG,86.89,CARD_NOT_PRESENT,397
U100974,IN,58.04,CARD_PRESENT,1694
U100975,US,88.31,WIRE_TRANSFER,1989
U100976,IN,212.18,CARD_NOT_PRESENT,1880
U100977,IN,163.13,WIRE_TRANSFER,1457
U100978,IN,129.12,CARD_PRESENT,221
U100979,IN,167.57,CARD_PRESENT,375
U100980,BR,135.52,CARD_NOT_PRESENT,1858
U100981,AE,47.16,CARD_PRESENT,2170
U100982,GB,146.63,CARD_PRESENT,2063
U100983,IN,180.08,CARD_PRESENT,1067
U100984,IN,186.4,CARD_PRESENT,1468
U100985,NG,40.01,UPI_WALLET,442
U100986,IN,63.42,CARD_PRESENT,1479
U100987,IN,56.91,WIRE_TRANSFER,489
U100988,IN,72.54,CARD_PRESENT,1987
U100989,AE,120.63,CARD_NOT_PRESENT,1963
U100990,US,100.37,CARD_NOT_PRESENT,128
U100991,GB,100.39,CARD_NOT_PRESENT,2339
U100992,AE,32.34,UPI_WALLET,1990
U100993,IN,61.76,UPI_WALLET,946
U100994,NG,194.96,CARD_PRESENT,1128
U100995,IN,179.59,CARD_NOT_PRESENT,197
U100996,US,85.9,UPI_WALLET,2340
U100997,IN,146.88,CARD_PRESENT,252
U100998,BR,113.73,CARD_NOT_PRESENT,2306
U100999,IN,157.12,CARD_PRESENT,1636
U101000,IN,150.95,CARD_NOT_PRESENT,2296
U101001,IN,90.59,CARD_NOT_PRESENT,927
U101002,IN,129.63,CARD_NOT_PRESENT,2239
U101003,IN,118.59,UPI_WALLET,1065
U101004,US,92.2,CARD_NOT_PRESENT,875
U101005,IN,79.42,WIRE_TRANSFER,843
U101006,NG,245.1,UPI_WALLET,2379
U101007,IN,92.28,CARD_NOT_PRESENT,1164
U101008,GB,141.21,CARD_NOT_PRESENT,1196
U101009,IN,233.69,CARD_NOT_PRESENT,1609
U101010,US,129.49,UPI_WALLET,1390
U101011,US,125.83,CARD_PRESENT,1353
U101012,IN,92.63,WIRE_TRANSFER,948
U101013,RU,119.96,CARD_NOT_PRESENT,411
U101014,IN,74.96,CARD_NOT_PRESENT,2486
U101015,IN,390.15,CARD_NOT_PRESENT,1228
U101016,US,32.92,CARD_NOT_PRESENT,2430
U101017,AE,82.81,UPI_WALLET,1152
U101018,IN,130.85,UPI_WALLET,1498
U101019,IN,125.9,CARD_PRESENT,1364
U101020,SG,74.87,CARD_NOT_PRESENT,2414
U101021,GB,24.4,CARD_NOT_PRESENT,277
U101022,BR,37.19,CARD_NOT_PRESENT,1294
U101023,IN,105.01,CARD_NOT_PRESENT,384
U101024,US,19.06,CARD_PRESENT,2170
U101025,IN,136.73,UPI_WALLET,1326
U101026,NG,189.03,CARD_NOT_PRESENT,2307
U101027,IN,152.25,CARD_NOT_PRESENT,689
U101028,GB,171.4,UPI_WALLET,408
U101029,IN,19.66,UPI_WALLET,1572
U101030,US,76.92,UPI_WALLET,365
U101031,GB,44.49,CARD_PRESENT,932
U101032,IN,27.71,CARD_PRESENT,785
U101033,SG,66.27,UPI_WALLET,552
U101034,IN,230.17,CARD_PRESENT,327
U101035,US,269.34,CARD_PRESENT,1641
U101036,IN,48.86,CARD_PRESENT,1895
U101037,IN,96.66,CARD_PRESENT,985
U101038,IN,118.87,WIRE_TRANSFER,703
U101039,IN,77.3,CARD_PRESENT,394
U101040,IN,197.45,CARD_PRESENT,1692
U101041,US,66.98,WIRE_TRANSFER,2022
U101042,US,59.35,WIRE_TRANSFER,1370
U101043,US,50.8,CARD_PRESENT,1079
U101044,IN,76.93,UPI_WALLET,1621
U101045,IN,10.19,CARD_PRESENT,2287
U101046,IN,79.47,UPI_WALLET,2474
U101047,GB,100.62,CARD_PRESENT,484
U101048,SG,104.84,CARD_NOT_PRESENT,1192
U101049,IN,42.5,CARD_PRESENT,2190
U101050,US,103.53,UPI_WALLET,1582
U101051,IN,102.12,CARD_PRESENT,2039
U101052,IN,103.61,CARD_NOT_PRESENT,2489
U101053,IN,154.11,UPI_WALLET,260
U101054,IN,41.18,CARD_PRESENT,1531
U101055,US,77.94,UPI_WALLET,1329
U101056,NG,23.12,CARD_NOT_PRESENT,712
U101057,IN,145.21,CARD_PRESENT,1634
U101058,IN,46.15,CARD_PRESENT,260
U101059,GB,169.18,CARD_PRESENT,1239
U101060,RU,172.91,CARD_PRESENT,1037
U101061,US,83.24,CARD_NOT_PRESENT,976
U101062,IN,80.3,CARD_NOT_PRESENT,1535
U101063,US,30.71,CARD_NOT_PRESENT,2359
U101064,IN,94.59,CARD_NOT_PRESENT,2368
U101065,RU,153.27,UPI_WALLET,1752
U101066,IN,112.17,CARD_PRESENT,828
U101067,US,212.27,CARD_NOT_PRESENT,2414
U101068,IN,71.78,UPI_WALLET,2495
U101069,IN,71.72,CARD_PRESENT,2115
U101070,SG,48.5,CARD_NOT_PRESENT,2182
U101071,US,300.25,WIRE_TRANSFER,2043
U101072,IN,30.49,CARD_NOT_PRESENT,1900
U101073,NG,146.36,WIRE_TRANSFER,1814
U101074,SG,155.26,CARD_PRESENT,1596
U101075,IN,151.12,CARD_NOT_PRESENT,1615
U101076,IN,51.53,CARD_PRESENT,975
U101077,IN,83.21,CARD_PRESENT,2217
U101078,US,133.27,WIRE_TRANSFER,1586
U101079,IN,60.13,CARD_PRESENT,1533
U101080,IN,75.43,WIRE_TRANSFER,1854
U101081,NG,60.88,UPI_WALLET,189
U101082,NG,98.93,WIRE_TRANSFER,2297
U101083,AE,94.66,WIRE_TRANSFER,1456
U101084,RU,235.9,CARD_NOT_PRESENT,2361
U101085,GB,135.14,WIRE_TRANSFER,257
U101086,GB,36.18,UPI_WALLET,584
U101087,GB,38.43,CARD_NOT_PRESENT,2373
U101088,IN,148.01,UPI_WALLET,1732
U101089,IN,93.98,CARD_PRESENT,1617
U101090,IN,289.34,CARD_PRESENT,1011
U101091,US,288.84,CARD_PRESENT,1389
U101092,IN,48.3,CARD_NOT_PRESENT,1366
U101093,IN,113.29,CARD_PRESENT,495
U101094,US,38.79,CARD_NOT_PRESENT,1416
U101095,IN,146.43,UPI_WALLET,1289
U101096,IN,256.92,UPI_WALLET,783
U101097,AE,103.18,UPI_WALLET,856
U101098,SG,70.04,WIRE_TRANSFER,1919
U101099,IN,120.91,UPI_WALLET,1688
U101100,IN,165.85,CARD_NOT_PRESENT,1175
U101101,IN,166.56,CARD_PRESENT,1511
U101102,AE,70.58,WIRE_TRANSFER,603
U101103,AE,59.06,CARD_PRESENT,1248
U101104,IN,109.35,CARD_PRESENT,1404
U101105,GB,73.89,CARD_PRESENT,632
U101106,IN,197.49,CARD_NOT_PRESENT,424
U101107,IN,73.28,UPI_WALLET,1314
U101108,BR,98.29,CARD_PRESENT,2352
U101109,IN,118.97,UPI_WALLET,1154
U101110,IN,31.35,CARD_PRESENT,2253
U101111,IN,62.66,CARD_PRESENT,2128
U101112,US,281.51,CARD_PRESENT,1862
U101113,NG,161.46,CARD_PRESENT,2235
U101114,BR,72.6,UPI_WALLET,1028
U101115,IN,146.81,CARD_PRESENT,1898
U101116,IN,195.47,CARD_PRESENT,362
U101117,AE,80.58,CARD_PRESENT,799
U101118,IN,156.63,UPI_WALLET,1416
U101119,SG,142.87,WIRE_TRANSFER,96
U101120,US,39.28,UPI_WALLET,1913
U101121,IN,80.89,CARD_NOT_PRESENT,2313
U101122,AE,239.76,WIRE_TRANSFER,264
U101123,IN,276.58,CARD_PRESENT,2480
U101124,IN,162.3,CARD_PRESENT,221
U101125,US,61.17,CARD_NOT_PRESENT,318
U101126,IN,15.33,CARD_PRESENT,1906
U101127,US,55.4,CARD_NOT_PRESENT,1714
U101128,US,35.33,CARD_NOT_PRESENT,2340
U101129,BR,250.76,CARD_PRESENT,1063
U101130,BR,22.68,CARD_NOT_PRESENT,1431
U101131,IN,40.1,CARD_NOT_PRESENT,372
U101132,IN,107.88,CARD_PRESENT,1729
U101133,GB,93.54,UPI_WALLET,2495
U101134,RU,232.46,UPI_WALLET,1492
U101135,IN,137.28,CARD_PRESENT,2333
U101136,IN,84.96,CARD_PRESENT,984
U101137,IN,199.76,CARD_PRESENT,2456
U101138,IN,71.17,CARD_PRESENT,1342
U101139,US,244.23,CARD_PRESENT,360
U101140,IN,50.09,CARD_PRESENT,907
U101141,AE,91.26,UPI_WALLET,1230
U101142,AE,17.25,UPI_WALLET,168
U101143,AE,167.62,UPI_WALLET,2239
U101144,IN,103.89,CARD_NOT_PRESENT,598
U101145,IN,244.64,UPI_WALLET,1688
U101146,GB,78.89,UPI_WALLET,2300
U101147,AE,31.0,UPI_WALLET,1087
U101148,IN,126.16,UPI_WALLET,1523
U101149,SG,63.98,UPI_WALLET,1292
U101150,IN,152.7,UPI_WALLET,1910
U101151,SG,50.87,CARD_NOT_PRESENT,97
U101152,IN,218.0,CARD_PRESENT,899
U101153,IN,98.24,CARD_PRESENT,1529
U101154,IN,85.19,CARD_NOT_PRESENT,229
U101155,IN,209.02,CARD_PRESENT,2149
U101156,IN,169.19,CARD_PRESENT,1580
U101157,IN,56.11,CARD_PRESENT,7
U101158,IN,166.12,CARD_PRESENT,31
U101159,GB,145.03,WIRE_TRANSFER,400
U101160,IN,88.49,CARD_NOT_PRESENT,1660
U101161,US,157.74,CARD_PRESENT,1295
U101162,AE,217.39,CARD_NOT_PRESENT,1206
U101163,IN,90.27,CARD_PRESENT,1402
U101164,IN,90.48,UPI_WALLET,1237
U101165,SG,87.17,CARD_NOT_PRESENT,859
U101166,AE,54.48,CARD_PRESENT,19
U101167,IN,89.63,CARD_NOT_PRESENT,70
U101168,AE,83.01,CARD_PRESENT,1722
U101169,IN,79.74,UPI_WALLET,1859
U101170,IN,78.92,WIRE_TRANSFER,600
U101171,GB,40.02,WIRE_TRANSFER,608
U101172,IN,179.97,CARD_PRESENT,1020
U101173,GB,62.59,UPI_WALLET,1611
U101174,IN,225.01,UPI_WALLET,1484
U101175,GB,46.71,UPI_WALLET,1398
U101176,IN,257.13,CARD_PRESENT,92
U101177,IN,73.6,CARD_NOT_PRESENT,1077
U101178,IN,167.4,CARD_PRESENT,1881
U101179,IN,103.23,CARD_PRESENT,1476
U101180,GB,35.95,UPI_WALLET,2017
U101181,IN,37.43,CARD_NOT_PRESENT,1737
U101182,IN,58.92,CARD_PRESENT,2249
U101183,IN,70.72,UPI_WALLET,1431
U101184,IN,92.21,CARD_NOT_PRESENT,1423
U101185,AE,118.22,WIRE_TRANSFER,1394
U101186,IN,84.22,UPI_WALLET,662
U101187,BR,114.12,UPI_WALLET,1090
U101188,IN,126.52,UPI_WALLET,422
U101189,US,81.68,CARD_PRESENT,1075
U101190,IN,143.51,CARD_PRESENT,375
U101191,IN,164.33,WIRE_TRANSFER,1227
U101192,SG,128.62,CARD_PRESENT,2385
U101193,RU,133.37,CARD_NOT_PRESENT,1130
U101194,SG,107.55,CARD_NOT_PRESENT,1846
U101195,IN,189.88,CARD_PRESENT,1098
U101196,IN,93.65,CARD_PRESENT,2264
U101197,US,59.68,CARD_NOT_PRESENT,526
U101198,IN,95.52,CARD_NOT_PRESENT,2085
U101199,GB,36.43,UPI_WALLET,1812
U101200,US,33.16,CARD_PRESENT,2222
U101201,US,164.83,CARD_NOT_PRESENT,333
U101202,AE,227.28,CARD_PRESENT,2237
U101203,GB,75.2,CARD_NOT_PRESENT,2271
U101204,IN,165.82,CARD_PRESENT,740
U101205,IN,20.57,CARD_PRESENT,1562
U101206,US,128.88,UPI_WALLET,1467
U101207,IN,93.9,CARD_PRESENT,123
U101208,IN,250.44,UPI_WALLET,1313
U101209,IN,85.25,CARD_PRESENT,1647
U101210,GB,44.18,CARD_PRESENT,513
U101211,AE,29.74,CARD_PRESENT,904
U101212,US,95.47,UPI_WALLET,1463
U101213,IN,107.41,CARD_NOT_PRESENT,2324
U101214,IN,81.74,CARD_PRESENT,152
U101215,IN,168.16,CARD_NOT_PRESENT,2340
U101216,IN,212.21,CARD_NOT_PRESENT,2040
U101217,US,74.63,UPI_WALLET,2114
U101218,US,23.59,WIRE_TRANSFER,120
U101219,IN,114.55,CARD_NOT_PRESENT,1420
U101220,IN,192.26,CARD_NOT_PRESENT,922
U101221,IN,74.86,CARD_PRESENT,2298
U101222,SG,133.36,WIRE_TRANSFER,1852
U101223,US,41.81,CARD_NOT_PRESENT,1624
U101224,IN,112.74,CARD_PRESENT,70
U101225,SG,134.93,WIRE_TRANSFER,2187
U101226,IN,114.82,WIRE_TRANSFER,1224
U101227,IN,291.42,CARD_NOT_PRESENT,400
U101228,NG,225.58,CARD_PRESENT,2185
U101229,IN,149.03,UPI_WALLET,2260
U101230,IN,181.08,UPI_WALLET,1242
U101231,US,112.23,CARD_NOT_PRESENT,1654
U101232,IN,91.15,CARD_PRESENT,1526
U101233,US,69.45,CARD_PRESENT,758
U101234,IN,41.15,CARD_PRESENT,1871
U101235,IN,232.07,CARD_PRESENT,2494
U101236,IN,298.43,UPI_WALLET,2335
U101237,IN,97.01,CARD_PRESENT,1717
U101238,IN,98.12,CARD_NOT_PRESENT,901
U101239,IN,138.54,UPI_WALLET,2271
U101240,SG,85.51,CARD_NOT_PRESENT,2318
U101241,IN,45.12,CARD_PRESENT,14
U101242,IN,35.61,WIRE_TRANSFER,846
U101243,IN,291.98,CARD_PRESENT,1381
U101244,IN,26.28,UPI_WALLET,1445
U101245,IN,117.67,CARD_PRESENT,1781
U101246,US,28.99,CARD_NOT_PRESENT,1284
U101247,IN,88.39,CARD_NOT_PRESENT,35
U101248,SG,74.37,CARD_NOT_PRESENT,415
U101249,NG,32.7,CARD_NOT_PRESENT,1906
U101250,IN,141.64,CARD_PRESENT,1733
U101251,IN,42.82,CARD_NOT_PRESENT,1628
U101252,IN,29.47,CARD_PRESENT,1102
U101253,US,151.68,UPI_WALLET,687
U101254,IN,74.6,CARD_NOT_PRESENT,770
U101255,SG,55.11,CARD_NOT_PRESENT,1722
U101256,GB,157.62,CARD_PRESENT,1261
U101257,AE,41.22,CARD_NOT_PRESENT,328
U101258,IN,24.09,CARD_NOT_PRESENT,999
U101259,BR,203.46,CARD_PRESENT,2060
U101260,IN,267.11,UPI_WALLET,1498
U101261,IN,86.81,CARD_PRESENT,2165
U101262,IN,8.54,CARD_PRESENT,1272
U101263,NG,86.02,UPI_WALLET,1214
U101264,US,163.36,CARD_PRESENT,2373
U101265,AE,190.85,CARD_PRESENT,1269
U101266,IN,44.76,UPI_WALLET,338
U101267,RU,77.14,UPI_WALLET,1005
U101268,IN,111.73,CARD_PRESENT,1619
U101269,IN,157.43,CARD_PRESENT,863
U101270,RU,146.97,CARD_NOT_PRESENT,1026
U101271,IN,132.26,CARD_NOT_PRESENT,2182
U101272,IN,190.54,CARD_NOT_PRESENT,1088
U101273,US,91.06,CARD_NOT_PRESENT,762
U101274,IN,233.38,UPI_WALLET,270
U101275,IN,64.09,WIRE_TRANSFER,1007
U101276,IN,148.45,CARD_PRESENT,1916
U101277,IN,70.72,CARD_PRESENT,750
U101278,SG,87.67,CARD_PRESENT,1177
U101279,US,97.19,CARD_PRESENT,1642
U101280,IN,67.97,CARD_NOT_PRESENT,2319
U101281,IN,195.77,UPI_WALLET,2035
U101282,IN,73.13,CARD_PRESENT,716
U101283,US,93.88,CARD_PRESENT,411
U101284,NG,137.52,CARD_NOT_PRESENT,1677
U101285,NG,370.63,WIRE_TRANSFER,637
U101286,IN,140.75,CARD_PRESENT,981
U101287,IN,99.47,UPI_WALLET,261
U101288,IN,21.03,UPI_WALLET,1936
U101289,US,86.1,CARD_NOT_PRESENT,401
U101290,IN,59.78,CARD_NOT_PRESENT,952
U101291,US,76.44,CARD_NOT_PRESENT,1017
U101292,US,69.7,CARD_PRESENT,107
U101293,IN,136.64,CARD_NOT_PRESENT,1939
U101294,IN,84.87,CARD_PRESENT,1546
U101295,IN,50.08,UPI_WALLET,1354
U101296,IN,167.7,UPI_WALLET,445
U101297,IN,38.07,CARD_PRESENT,134
U101298,GB,96.47,CARD_NOT_PRESENT,140
U101299,IN,86.52,CARD_PRESENT,1563
U101300,IN,119.91,CARD_PRESENT,1869
U101301,US,191.79,UPI_WALLET,1988
U101302,GB,405.54,CARD_PRESENT,2001
U101303,IN,99.43,UPI_WALLET,984
U101304,AE,59.1,CARD_PRESENT,4
U101305,NG,55.14,UPI_WALLET,613
U101306,US,54.96,CARD_NOT_PRESENT,1967
U101307,US,117.07,CARD_NOT_PRESENT,1910
U101308,IN,17.49,UPI_WALLET,1269
U101309,NG,36.37,CARD_NOT_PRESENT,60
U101310,IN,117.14,CARD_PRESENT,1942
U101311,NG,172.99,UPI_WALLET,2039
U101312,US,173.64,CARD_PRESENT,568
U101313,IN,102.56,CARD_PRESENT,2010
U101314,IN,159.15,CARD_NOT_PRESENT,1599
U101315,US,193.89,CARD_NOT_PRESENT,2220
U101316,US,72.38,CARD_NOT_PRESENT,1566
U101317,IN,181.67,UPI_WALLET,224
U101318,GB,27.67,CARD_NOT_PRESENT,1617
U101319,SG,35.6,CARD_PRESENT,270
U101320,IN,75.4,CARD_PRESENT,647
U101321,IN,25.0,CARD_PRESENT,2182
U101322,IN,138.08,UPI_WALLET,2420
U101323,AE,65.07,CARD_PRESENT,1188
U101324,IN,87.14,CARD_NOT_PRESENT,728
U101325,SG,89.34,CARD_NOT_PRESENT,981
U101326,IN,74.1,UPI_WALLET,606
U101327,US,54.71,CARD_PRESENT,1433
U101328,IN,133.84,CARD_PRESENT,1053
U101329,IN,64.1,WIRE_TRANSFER,147
U101330,GB,88.54,CARD_NOT_PRESENT,1525
U101331,IN,120.69,CARD_NOT_PRESENT,1609
U101332,IN,192.88,UPI_WALLET,1667
U101333,RU,183.43,WIRE_TRANSFER,2362
U101334,RU,68.17,CARD_PRESENT,1760
U101335,SG,52.68,WIRE_TRANSFER,1689
U101336,IN,217.66,CARD_PRESENT,529
U101337,US,63.86,WIRE_TRANSFER,1161
U101338,SG,130.39,CARD_PRESENT,1086
U101339,IN,23.96,CARD_PRESENT,2402
U101340,IN,17.12,CARD_PRESENT,1186
U101341,AE,99.36,UPI_WALLET,1721
U101342,IN,80.58,WIRE_TRANSFER,1352
U101343,US,152.36,CARD_PRESENT,143
U101344,BR,55.17,CARD_PRESENT,2339
U101345,US,114.83,CARD_PRESENT,1675
U101346,IN,147.21,CARD_PRESENT,576
U101347,IN,56.77,UPI_WALLET,150
U101348,IN,75.34,CARD_PRESENT,2342
U101349,IN,41.02,WIRE_TRANSFER,768
U101350,AE,155.86,WIRE_TRANSFER,43
U101351,AE,134.95,CARD_PRESENT,1539
U101352,IN,141.48,CARD_NOT_PRESENT,41
U101353,IN,80.36,WIRE_TRANSFER,539
U101354,SG,133.47,UPI_WALLET,2233
U101355,IN,85.3,UPI_WALLET,96
U101356,IN,240.87,CARD_PRESENT,1880
U101357,IN,94.11,CARD_PRESENT,1545
U101358,US,176.82,UPI_WALLET,765
U101359,IN,80.67,CARD_NOT_PRESENT,715
U101360,US,209.92,UPI_WALLET,1187
U101361,IN,52.58,UPI_WALLET,1332
U101362,US,124.39,CARD_NOT_PRESENT,2225
U101363,IN,60.24,CARD_PRESENT,653
U101364,IN,111.61,CARD_NOT_PRESENT,1476
U101365,IN,64.08,UPI_WALLET,1716
U101366,IN,93.86,CARD_PRESENT,32
U101367,IN,70.74,CARD_PRESENT,2239
U101368,IN,143.89,WIRE_TRANSFER,2479
U101369,IN,127.77,UPI_WALLET,217
U101370,IN,58.74,CARD_NOT_PRESENT,655
U101371,NG,57.55,UPI_WALLET,1966
U101372,IN,49.34,CARD_NOT_PRESENT,2023
U101373,AE,42.53,WIRE_TRANSFER,391
U101374,RU,150.12,UPI_WALLET,2293
U101375,IN,47.33,CARD_PRESENT,824
U101376,US,117.79,CARD_NOT_PRESENT,734
U101377,SG,66.58,CARD_PRESENT,894
U101378,US,173.61,UPI_WALLET,1679
U101379,IN,277.24,CARD_NOT_PRESENT,516
U101380,IN,8.29,CARD_NOT_PRESENT,1357
U101381,IN,52.1,WIRE_TRANSFER,189
U101382,IN,65.81,CARD_NOT_PRESENT,368
U101383,BR,82.27,UPI_WALLET,1921
U101384,RU,78.85,UPI_WALLET,959
U101385,IN,35.22,CARD_NOT_PRESENT,1984
U101386,GB,280.74,CARD_PRESENT,1844
U101387,IN,80.84,UPI_WALLET,2492
U101388,SG,127.4,CARD_NOT_PRESENT,344
U101389,IN,129.94,CARD_PRESENT,2336
U101390,NG,29.4,UPI_WALLET,2230
U101391,AE,73.56,CARD_NOT_PRESENT,1087
U101392,IN,150.12,CARD_PRESENT,339
U101393,IN,218.32,UPI_WALLET,334
U101394,AE,74.64,CARD_PRESENT,1277
U101395,IN,33.74,CARD_NOT_PRESENT,27
U101396,IN,61.94,CARD_NOT_PRESENT,240
U101397,NG,72.44,CARD_PRESENT,1329
U101398,US,70.55,CARD_NOT_PRESENT,1408
U101399,IN,49.38,CARD_PRESENT,2151
U101400,IN,31.03,CARD_PRESENT,2436
U101401,IN,40.72,UPI_WALLET,670
U101402,RU,62.32,CARD_PRESENT,826
U101403,IN,148.53,WIRE_TRANSFER,498
U101404,IN,185.51,CARD_NOT_PRESENT,562
U101405,IN,100.85,CARD_PRESENT,1097
U101406,RU,41.6,WIRE_TRANSFER,2482
U101407,IN,64.87,CARD_NOT_PRESENT,2233
U101408,SG,17.76,CARD_NOT_PRESENT,2282
U101409,GB,220.93,UPI_WALLET,1129
U101410,AE,57.91,UPI_WALLET,1643
U101411,RU,120.56,CARD_PRESENT,1807
U101412,AE,177.41,CARD_PRESENT,608
U101413,NG,259.39,WIRE_TRANSFER,1156
U101414,IN,159.04,CARD_PRESENT,1375
U101415,AE,70.25,UPI_WALLET,933
U101416,IN,131.21,CARD_NOT_PRESENT,1183
U101417,IN,253.49,CARD_NOT_PRESENT,1102
U101418,SG,57.52,UPI_WALLET,153
U101419,RU,29.83,WIRE_TRANSFER,1921
U101420,GB,49.67,CARD_PRESENT,2251
U101421,IN,125.59,CARD_NOT_PRESENT,1886
U101422,IN,71.51,UPI_WALLET,2334
U101423,IN,88.05,CARD_PRESENT,1079
U101424,IN,139.47,UPI_WALLET,140
U101425,IN,48.86,CARD_NOT_PRESENT,669
U101426,IN,85.13,CARD_PRESENT,2135
U101427,IN,64.07,UPI_WALLET,348
U101428,GB,247.2,WIRE_TRANSFER,1368
U101429,IN,155.89,CARD_PRESENT,4
U101430,NG,71.86,UPI_WALLET,810
U101431,US,69.07,CARD_PRESENT,284
U101432,IN,264.69,CARD_PRESENT,284
U101433,IN,251.38,CARD_PRESENT,412
U101434,IN,125.06,UPI_WALLET,1346
U101435,RU,90.84,CARD_PRESENT,1725
U101436,IN,35.72,CARD_PRESENT,721
U101437,IN,49.99,UPI_WALLET,2044
U101438,NG,33.67,CARD_NOT_PRESENT,980
U101439,RU,181.89,CARD_PRESENT,1842
U101440,IN,36.15,CARD_PRESENT,1324
U101441,IN,68.45,UPI_WALLET,1808
U101442,IN,20.56,CARD_NOT_PRESENT,2446
U101443,IN,27.55,UPI_WALLET,2485
U101444,IN,143.58,CARD_PRESENT,1468
U101445,US,112.82,CARD_NOT_PRESENT,2406
U101446,NG,93.07,UPI_WALLET,1753
U101447,IN,69.34,CARD_PRESENT,672
U101448,US,24.83,CARD_PRESENT,2338
U101449,IN,62.94,CARD_NOT_PRESENT,363
U101450,AE,81.65,CARD_PRESENT,1171
U101451,US,137.38,CARD_PRESENT,384
U101452,SG,175.6,WIRE_TRANSFER,1961
U101453,NG,146.48,CARD_NOT_PRESENT,2239
U101454,IN,112.38,CARD_NOT_PRESENT,2047
U101455,IN,92.11,CARD_PRESENT,256
U101456,IN,105.16,CARD_NOT_PRESENT,677
U101457,IN,59.97,CARD_NOT_PRESENT,851
U101458,NG,97.51,WIRE_TRANSFER,289
U101459,IN,81.33,CARD_NOT_PRESENT,1326
U101460,GB,331.5,UPI_WALLET,86
U101461,IN,106.93,CARD_PRESENT,1534
U101462,IN,16.62,CARD_NOT_PRESENT,1437
U101463,IN,66.76,WIRE_TRANSFER,1489
U101464,US,75.28,CARD_NOT_PRESENT,2282
U101465,US,159.25,UPI_WALLET,1966
U101466,IN,116.04,UPI_WALLET,649
U101467,IN,112.23,WIRE_TRANSFER,1429
U101468,GB,205.96,CARD_PRESENT,2006
U101469,IN,252.11,CARD_PRESENT,2127
U101470,NG,143.45,CARD_NOT_PRESENT,1608
U101471,IN,70.42,WIRE_TRANSFER,212
U101472,IN,71.92,CARD_NOT_PRESENT,1087
U101473,IN,189.61,CARD_PRESENT,2147
U101474,IN,71.76,CARD_NOT_PRESENT,185
U101475,IN,87.93,CARD_PRESENT,1475
U101476,IN,65.75,CARD_PRESENT,1352
U101477,BR,41.05,CARD_PRESENT,558
U101478,IN,315.62,CARD_PRESENT,860
U101479,IN,88.33,UPI_WALLET,2444
U101480,IN,224.46,CARD_PRESENT,1489
U101481,IN,72.45,CARD_PRESENT,2349
U101482,US,57.89,CARD_NOT_PRESENT,1178
U101483,IN,135.73,CARD_PRESENT,2114
U101484,US,175.13,CARD_NOT_PRESENT,1549
U101485,IN,182.29,CARD_PRESENT,2279
U101486,BR,80.9,CARD_PRESENT,817
U101487,IN,144.9,UPI_WALLET,955
U101488,SG,62.5,CARD_PRESENT,102
U101489,IN,96.68,CARD_PRESENT,570
U101490,IN,75.59,CARD_PRESENT,347
U101491,AE,67.82,CARD_PRESENT,458
U101492,US,99.39,CARD_PRESENT,771
U101493,AE,40.24,CARD_PRESENT,2184
U101494,IN,166.14,CARD_PRESENT,946
U101495,US,68.02,CARD_PRESENT,2066
U101496,SG,161.19,UPI_WALLET,2036
U101497,US,46.82,CARD_PRESENT,2452
U101498,IN,67.85,CARD_PRESENT,1272
U101499,US,40.13,CARD_NOT_PRESENT,2120
U101500,US,39.0,CARD_PRESENT,1049
U101501,RU,51.51,UPI_WALLET,1581
U101502,IN,47.36,CARD_PRESENT,2027
U101503,IN,40.39,CARD_NOT_PRESENT,356
U101504,AE,92.29,WIRE_TRANSFER,144
U101505,IN,134.03,CARD_PRESENT,412
U101506,GB,138.55,CARD_PRESENT,1803
U101507,IN,23.36,CARD_NOT_PRESENT,1184
U101508,IN,75.26,WIRE_TRANSFER,700
U101509,GB,70.16,CARD_NOT_PRESENT,1919
U101510,IN,208.26,CARD_NOT_PRESENT,38
U101511,IN,77.28,CARD_PRESENT,434
U101512,US,87.16,CARD_NOT_PRESENT,1175
U101513,GB,30.37,CARD_PRESENT,2288
U101514,SG,50.52,CARD_NOT_PRESENT,1872
U101515,IN,28.94,CARD_PRESENT,1709
U101516,IN,96.31,CARD_NOT_PRESENT,1777
U101517,RU,212.4,CARD_PRESENT,781
U101518,IN,51.81,UPI_WALLET,1120
U101519,IN,77.71,UPI_WALLET,2214
U101520,IN,47.58,UPI_WALLET,1824
U101521,IN,59.02,WIRE_TRANSFER,1496
U101522,SG,97.66,CARD_NOT_PRESENT,208
U101523,GB,275.71,UPI_WALLET,1833
U101524,GB,205.89,CARD_PRESENT,914
U101525,IN,244.08,WIRE_TRANSFER,964
U101526,IN,162.1,CARD_NOT_PRESENT,1685
U101527,IN,77.0,CARD_NOT_PRESENT,984
U101528,IN,69.89,CARD_NOT_PRESENT,1432
U101529,IN,52.04,UPI_WALLET,32
U101530,IN,11.47,UPI_WALLET,463
U101531,IN,76.16,UPI_WALLET,1345
U101532,US,214.28,CARD_NOT_PRESENT,2394
U101533,GB,212.77,CARD_NOT_PRESENT,1902
U101534,IN,339.41,WIRE_TRANSFER,1044
U101535,IN,102.53,CARD_NOT_PRESENT,2422
U101536,AE,35.69,CARD_NOT_PRESENT,689
U101537,GB,128.38,CARD_NOT_PRESENT,2230
U101538,AE,277.55,CARD_NOT_PRESENT,1009
U101539,IN,231.91,UPI_WALLET,218
U101540,AE,64.41,CARD_NOT_PRESENT,7
U101541,IN,38.3,UPI_WALLET,2451
U101542,IN,37.49,UPI_WALLET,1605
U101543,IN,54.48,CARD_NOT_PRESENT,374
U101544,IN,60.55,CARD_PRESENT,2479
U101545,IN,73.08,CARD_NOT_PRESENT,103
U101546,IN,139.49,CARD_NOT_PRESENT,837
U101547,GB,71.34,CARD_NOT_PRESENT,1872
U101548,IN,93.77,UPI_WALLET,134
U101549,IN,27.4,CARD_PRESENT,2264
U101550,IN,52.09,CARD_PRESENT,1695
U101551,IN,50.36,UPI_WALLET,2374
U101552,IN,23.92,WIRE_TRANSFER,2093
U101553,IN,70.1,CARD_NOT_PRESENT,2062
U101554,IN,27.55,CARD_PRESENT,569
U101555,GB,66.68,CARD_NOT_PRESENT,513
U101556,NG,98.69,CARD_NOT_PRESENT,606
U101557,IN,216.56,CARD_NOT_PRESENT,385
U101558,US,48.51,CARD_PRESENT,1661
U101559,SG,96.86,CARD_PRESENT,148
U101560,BR,57.23,UPI_WALLET,1071
U101561,US,26.38,CARD_NOT_PRESENT,1455
U101562,SG,218.12,UPI_WALLET,1347
U101563,SG,101.7,CARD_NOT_PRESENT,1218
U101564,AE,124.16,CARD_PRESENT,558
U101565,IN,240.45,CARD_NOT_PRESENT,274
U101566,IN,66.45,WIRE_TRANSFER,2470
U101567,IN,34.31,CARD_NOT_PRESENT,1162
U101568,IN,48.0,CARD_NOT_PRESENT,1487
U101569,IN,31.95,CARD_NOT_PRESENT,1418
U101570,IN,181.42,UPI_WALLET,922
U101571,US,284.22,CARD_NOT_PRESENT,1807
U101572,US,97.98,CARD_NOT_PRESENT,941
U101573,AE,142.02,UPI_WALLET,1036
U101574,IN,166.45,CARD_PRESENT,2008
U101575,IN,250.43,CARD_NOT_PRESENT,796
U101576,AE,276.94,CARD_NOT_PRESENT,1749
U101577,AE,19.71,WIRE_TRANSFER,1664
U101578,BR,58.41,UPI_WALLET,77
U101579,SG,90.66,CARD_PRESENT,1710
U101580,SG,53.38,UPI_WALLET,2003
U101581,IN,74.38,UPI_WALLET,676
U101582,IN,118.96,CARD_NOT_PRESENT,2286
U101583,IN,116.85,CARD_PRESENT,50
U101584,US,163.03,CARD_PRESENT,450
U101585,NG,92.04,CARD_NOT_PRESENT,2364
U101586,IN,12.36,CARD_NOT_PRESENT,2138
U101587,US,70.1,UPI_WALLET,1888
U101588,IN,111.44,CARD_PRESENT,1510
U101589,IN,170.45,CARD_NOT_PRESENT,503
U101590,IN,155.17,CARD_PRESENT,1223
U101591,IN,83.74,CARD_NOT_PRESENT,1414
U101592,NG,55.68,CARD_PRESENT,225
U101593,IN,86.44,CARD_NOT_PRESENT,1487
U101594,AE,22.16,CARD_PRESENT,223
U101595,US,59.67,CARD_NOT_PRESENT,315
U101596,IN,190.6,CARD_PRESENT,425
U101597,IN,86.26,UPI_WALLET,479
U101598,AE,114.58,CARD_PRESENT,206
U101599,IN,30.91,CARD_NOT_PRESENT,2391
U101600,NG,169.72,CARD_NOT_PRESENT,2006
U101601,IN,80.83,CARD_PRESENT,1270
U101602,US,112.03,CARD_PRESENT,922
U101603,AE,128.45,CARD_PRESENT,479
U101604,IN,165.78,CARD_NOT_PRESENT,2372
U101605,IN,100.97,WIRE_TRANSFER,1994
U101606,RU,82.14,CARD_PRESENT,1880
U101607,IN,36.45,UPI_WALLET,1176
U101608,IN,28.73,UPI_WALLET,69
U101609,IN,99.62,UPI_WALLET,1596
U101610,IN,112.51,CARD_NOT_PRESENT,1219
U101611,GB,124.92,WIRE_TRANSFER,744
U101612,GB,48.73,CARD_NOT_PRESENT,788
U101613,IN,60.07,UPI_WALLET,145
U101614,AE,98.43,CARD_PRESENT,2179
U101615,IN,65.57,UPI_WALLET,413
U101616,IN,356.75,WIRE_TRANSFER,2033
U101617,US,59.15,WIRE_TRANSFER,2432
U101618,BR,117.63,CARD_PRESENT,115
U101619,IN,152.19,UPI_WALLET,1559
U101620,IN,158.2,CARD_PRESENT,167
U101621,IN,64.76,UPI_WALLET,2077
U101622,AE,128.86,CARD_PRESENT,1268
U101623,IN,118.68,UPI_WALLET,54
U101624,IN,132.47,CARD_NOT_PRESENT,1931
U101625,GB,97.56,CARD_PRESENT,1913
U101626,IN,152.89,CARD_PRESENT,2312
U101627,IN,105.43,CARD_PRESENT,1212
U101628,IN,33.17,CARD_NOT_PRESENT,2332
U101629,IN,103.35,UPI_WALLET,1663
U101630,IN,111.52,UPI_WALLET,1315
U101631,SG,146.11,UPI_WALLET,896
U101632,US,99.7,UPI_WALLET,733
U101633,US,254.2,CARD_NOT_PRESENT,1552
U101634,BR,84.12,CARD_NOT_PRESENT,1849
U101635,IN,62.41,CARD_NOT_PRESENT,90
U101636,IN,206.28,CARD_PRESENT,1030
U101637,NG,82.56,CARD_NOT_PRESENT,114
U101638,IN,93.62,UPI_WALLET,992
U101639,GB,111.55,CARD_NOT_PRESENT,1997
U101640,GB,105.48,UPI_WALLET,1727
U101641,IN,131.79,CARD_PRESENT,312
U101642,IN,140.66,UPI_WALLET,1792
U101643,IN,58.49,CARD_PRESENT,35
U101644,IN,38.82,UPI_WALLET,31
U101645,IN,42.4,CARD_PRESENT,2281
U101646,IN,192.24,CARD_NOT_PRESENT,82
U101647,AE,77.96,CARD_NOT_PRESENT,664
U101648,SG,151.32,CARD_PRESENT,330
U101649,AE,143.11,CARD_NOT_PRESENT,1456
U101650,IN,93.61,CARD_PRESENT,1306
U101651,IN,48.2,CARD_NOT_PRESENT,2097
U101652,IN,145.34,WIRE_TRANSFER,2467
U101653,IN,91.47,CARD_PRESENT,1865
U101654,NG,36.98,CARD_NOT_PRESENT,1167
U101655,IN,65.96,UPI_WALLET,117
U101656,IN,26.93,CARD_NOT_PRESENT,2306
U101657,AE,68.17,UPI_WALLET,1402
U101658,IN,96.88,CARD_NOT_PRESENT,544
U101659,IN,85.03,CARD_NOT_PRESENT,1354
U101660,IN,78.25,CARD_PRESENT,980
U101661,US,96.21,CARD_PRESENT,875
U101662,AE,126.72,CARD_NOT_PRESENT,1133
U101663,IN,159.05,UPI_WALLET,1884
U101664,NG,172.72,CARD_PRESENT,410
U101665,SG,53.84,WIRE_TRANSFER,2410
U101666,AE,183.47,CARD_NOT_PRESENT,156
U101667,IN,91.57,CARD_NOT_PRESENT,368
U101668,IN,72.42,UPI_WALLET,1690
U101669,SG,43.37,UPI_WALLET,363
U101670,IN,11.62,CARD_NOT_PRESENT,1944
U101671,US,121.08,CARD_PRESENT,1837
U101672,GB,118.08,CARD_PRESENT,1075
U101673,IN,61.79,CARD_PRESENT,1136
U101674,AE,63.09,UPI_WALLET,2499
U101675,NG,82.93,CARD_PRESENT,1988
U101676,GB,71.56,UPI_WALLET,1580
U101677,IN,52.08,CARD_PRESENT,353
U101678,SG,39.87,CARD_NOT_PRESENT,1474
U101679,IN,184.76,CARD_NOT_PRESENT,100
U101680,GB,65.72,CARD_NOT_PRESENT,630
U101681,AE,117.65,CARD_NOT_PRESENT,1745
U101682,GB,132.85,WIRE_TRANSFER,1019
U101683,IN,121.47,UPI_WALLET,2486
U101684,IN,137.47,UPI_WALLET,2348
U101685,IN,120.59,CARD_PRESENT,237
U101686,IN,57.7,WIRE_TRANSFER,2208
U101687,IN,74.37,UPI_WALLET,2160
U101688,US,181.66,UPI_WALLET,266
U101689,IN,64.39,CARD_NOT_PRESENT,963
U101690,AE,91.66,CARD_PRESENT,2371
U101691,NG,127.08,UPI_WALLET,42
U101692,IN,223.69,CARD_NOT_PRESENT,147
U101693,GB,171.62,CARD_PRESENT,1275
U101694,US,46.79,CARD_NOT_PRESENT,2382
U101695,IN,115.23,CARD_NOT_PRESENT,697
U101696,IN,106.74,CARD_PRESENT,1932
U101697,AE,74.82,UPI_WALLET,1733
U101698,RU,93.46,CARD_NOT_PRESENT,365
U101699,GB,57.3,CARD_NOT_PRESENT,720
U101700,NG,81.92,CARD_PRESENT,1560
U101701,BR,64.8,WIRE_TRANSFER,1204
U101702,IN,98.19,CARD_NOT_PRESENT,594
U101703,US,72.94,CARD_NOT_PRESENT,502
U101704,IN,234.26,CARD_NOT_PRESENT,1393
U101705,BR,100.34,CARD_NOT_PRESENT,2070
U101706,IN,88.03,UPI_WALLET,1033
U101707,IN,78.99,CARD_PRESENT,2313
U101708,SG,73.07,UPI_WALLET,1668
U101709,IN,36.98,CARD_PRESENT,1008
U101710,AE,151.1,WIRE_TRANSFER,1767
U101711,IN,206.47,CARD_NOT_PRESENT,1122
U101712,RU,64.12,CARD_PRESENT,1891
U101713,SG,181.07,CARD_NOT_PRESENT,2456
U101714,IN,354.56,CARD_PRESENT,1969
U101715,GB,278.05,WIRE_TRANSFER,356
U101716,IN,200.83,UPI_WALLET,179
U101717,US,40.5,CARD_NOT_PRESENT,2021
U101718,US,40.15,CARD_NOT_PRESENT,2118
U101719,AE,137.05,WIRE_TRANSFER,1418
U101720,IN,92.26,UPI_WALLET,613
U101721,IN,18.74,CARD_NOT_PRESENT,2201
U101722,GB,69.31,CARD_NOT_PRESENT,1121
U101723,US,133.23,CARD_PRESENT,731
U101724,IN,82.72,UPI_WALLET,916
U101725,IN,92.56,CARD_NOT_PRESENT,741
U101726,IN,40.11,UPI_WALLET,706
U101727,SG,68.7,CARD_NOT_PRESENT,815
U101728,IN,137.42,CARD_NOT_PRESENT,1685
U101729,IN,66.41,CARD_NOT_PRESENT,42
U101730,NG,190.16,UPI_WALLET,907
U101731,IN,93.96,CARD_NOT_PRESENT,425
U101732,GB,120.79,UPI_WALLET,1620
U101733,IN,135.46,CARD_PRESENT,2486
U101734,SG,132.06,UPI_WALLET,1969
U101735,GB,45.83,UPI_WALLET,623
U101736,SG,51.81,UPI_WALLET,1283
U101737,IN,18.47,CARD_PRESENT,50
U101738,IN,74.19,UPI_WALLET,1032
U101739,GB,49.07,CARD_PRESENT,697
U101740,IN,65.05,CARD_PRESENT,1254
U101741,IN,79.45,UPI_WALLET,1021
U101742,IN,102.12,UPI_WALLET,1706
U101743,RU,83.55,CARD_PRESENT,1369
U101744,GB,82.53,WIRE_TRANSFER,2347
U101745,US,114.74,CARD_NOT_PRESENT,172
U101746,GB,89.91,WIRE_TRANSFER,2361
U101747,IN,158.07,UPI_WALLET,1976
U101748,IN,90.1,WIRE_TRANSFER,1782
U101749,IN,224.54,UPI_WALLET,2063
U101750,US,44.51,WIRE_TRANSFER,126
U101751,IN,73.3,CARD_NOT_PRESENT,533
U101752,SG,58.03,CARD_PRESENT,3
U101753,AE,104.7,CARD_NOT_PRESENT,1996
U101754,IN,44.49,UPI_WALLET,887
U101755,US,31.13,CARD_PRESENT,904
U101756,IN,50.72,WIRE_TRANSFER,1527
U101757,RU,32.8,CARD_PRESENT,1058
U101758,SG,80.15,UPI_WALLET,1593
U101759,NG,101.93,CARD_NOT_PRESENT,2341
U101760,IN,27.77,UPI_WALLET,830
U101761,IN,70.26,WIRE_TRANSFER,2229
U101762,IN,171.34,CARD_NOT_PRESENT,1331
U101763,IN,202.47,UPI_WALLET,938
U101764,IN,144.3,CARD_PRESENT,2297
U101765,IN,13.53,UPI_WALLET,1220
U101766,BR,96.04,UPI_WALLET,320
U101767,IN,183.78,CARD_PRESENT,717
U101768,IN,65.53,CARD_PRESENT,2113
U101769,AE,37.45,CARD_NOT_PRESENT,1289
U101770,US,175.33,CARD_PRESENT,1400
U101771,GB,191.4,UPI_WALLET,1705
U101772,US,89.48,CARD_PRESENT,486
U101773,SG,37.71,WIRE_TRANSFER,232
U101774,US,25.19,WIRE_TRANSFER,1101
U101775,IN,111.58,WIRE_TRANSFER,2299
U101776,GB,58.37,CARD_NOT_PRESENT,318
U101777,IN,85.82,CARD_PRESENT,1797
U101778,IN,79.87,UPI_WALLET,2448
U101779,IN,48.82,UPI_WALLET,242
U101780,IN,24.17,WIRE_TRANSFER,333
U101781,AE,66.72,CARD_NOT_PRESENT,2172
U101782,IN,98.5,CARD_PRESENT,272
U101783,IN,101.51,WIRE_TRANSFER,1859
U101784,IN,55.81,UPI_WALLET,1993
U101785,AE,189.0,CARD_PRESENT,783
U101786,IN,40.5,UPI_WALLET,729
U101787,US,163.02,CARD_PRESENT,1304
U101788,SG,96.46,CARD_NOT_PRESENT,1266
U101789,IN,67.12,CARD_NOT_PRESENT,2150
U101790,GB,120.98,CARD_NOT_PRESENT,1481
U101791,IN,76.72,CARD_PRESENT,2420
U101792,IN,30.83,CARD_PRESENT,600
U101793,US,38.39,CARD_NOT_PRESENT,703
U101794,SG,73.44,CARD_PRESENT,603
U101795,IN,61.22,CARD_NOT_PRESENT,1626
U101796,US,160.7,CARD_NOT_PRESENT,84
U101797,IN,59.3,UPI_WALLET,2150
U101798,US,56.81,UPI_WALLET,1929
U101799,US,51.78,CARD_PRESENT,2470
U101800,US,48.75,CARD_PRESENT,2396
U101801,US,49.87,UPI_WALLET,177
U101802,IN,34.3,UPI_WALLET,1869
U101803,US,99.11,WIRE_TRANSFER,1259
U101804,US,81.08,WIRE_TRANSFER,1839
U101805,US,78.85,CARD_NOT_PRESENT,2184
U101806,IN,26.34,UPI_WALLET,1458
U101807,IN,114.42,CARD_NOT_PRESENT,8
U101808,IN,121.76,UPI_WALLET,2162
U101809,IN,217.91,WIRE_TRANSFER,1093
U101810,IN,117.62,UPI_WALLET,1147
U101811,IN,245.18,CARD_NOT_PRESENT,1460
U101812,GB,54.9,CARD_NOT_PRESENT,2279
U101813,IN,225.15,CARD_PRESENT,1316
U101814,AE,120.05,CARD_NOT_PRESENT,519
U101815,IN,110.61,UPI_WALLET,1832
U101816,GB,77.52,UPI_WALLET,1582
U101817,IN,66.94,CARD_PRESENT,164
U101818,IN,57.83,UPI_WALLET,1332
U101819,US,229.88,CARD_NOT_PRESENT,1963
U101820,NG,75.89,CARD_NOT_PRESENT,2210
U101821,IN,121.42,CARD_NOT_PRESENT,708
U101822,IN,138.55,CARD_NOT_PRESENT,1306
U101823,US,137.31,UPI_WALLET,2060
U101824,GB,99.41,UPI_WALLET,1459
U101825,IN,222.6,UPI_WALLET,1049
U101826,IN,115.43,CARD_NOT_PRESENT,461
U101827,IN,56.82,UPI_WALLET,108
U101828,NG,69.07,CARD_PRESENT,1725
U101829,IN,27.46,CARD_NOT_PRESENT,2409
U101830,IN,106.45,CARD_NOT_PRESENT,1502
U101831,RU,127.9,UPI_WALLET,1951
U101832,IN,134.92,WIRE_TRANSFER,1693
U101833,IN,120.05,CARD_PRESENT,870
U101834,IN,77.7,UPI_WALLET,1307
U101835,IN,87.63,CARD_PRESENT,675
U101836,IN,87.8,CARD_NOT_PRESENT,558
U101837,IN,161.05,UPI_WALLET,1472
U101838,GB,20.08,UPI_WALLET,1615
U101839,GB,63.88,UPI_WALLET,2468
U101840,IN,42.27,UPI_WALLET,591
U101841,US,278.52,CARD_PRESENT,726
U101842,IN,181.0,WIRE_TRANSFER,416
U101843,NG,65.73,WIRE_TRANSFER,2370
U101844,IN,31.71,CARD_NOT_PRESENT,1953
U101845,US,38.47,CARD_PRESENT,826
U101846,IN,159.7,CARD_PRESENT,2422
U101847,US,26.85,UPI_WALLET,1760
U101848,IN,88.56,WIRE_TRANSFER,1191
U101849,GB,143.78,UPI_WALLET,954
U101850,IN,35.78,CARD_NOT_PRESENT,1423
U101851,SG,87.94,CARD_PRESENT,213
U101852,IN,66.47,CARD_NOT_PRESENT,430
U101853,GB,60.69,CARD_NOT_PRESENT,2340
U101854,AE,53.8,CARD_PRESENT,517
U101855,BR,151.25,CARD_PRESENT,410
U101856,IN,204.88,CARD_PRESENT,2149
U101857,IN,73.65,CARD_PRESENT,2361
U101858,IN,110.92,UPI_WALLET,2045
U101859,IN,89.28,CARD_NOT_PRESENT,259
U101860,US,22.11,CARD_NOT_PRESENT,2097
U101861,BR,71.71,CARD_NOT_PRESENT,668
U101862,BR,18.97,WIRE_TRANSFER,28
U101863,IN,62.73,UPI_WALLET,2302
U101864,US,86.35,CARD_NOT_PRESENT,669
U101865,SG,136.65,UPI_WALLET,1646
U101866,NG,104.61,UPI_WALLET,185
U101867,IN,153.69,UPI_WALLET,474
U101868,IN,47.85,CARD_NOT_PRESENT,2202
U101869,AE,189.15,CARD_NOT_PRESENT,1480
U101870,IN,205.01,CARD_NOT_PRESENT,2496
U101871,IN,18.26,CARD_NOT_PRESENT,451
U101872,BR,25.69,CARD_PRESENT,2226
U101873,BR,85.01,CARD_NOT_PRESENT,2186
U101874,SG,59.54,CARD_NOT_PRESENT,2310
U101875,AE,66.08,CARD_NOT_PRESENT,125
U101876,IN,104.0,CARD_NOT_PRESENT,262
U101877,IN,157.51,CARD_PRESENT,1324
U101878,IN,46.07,CARD_PRESENT,290
U101879,US,173.93,CARD_NOT_PRESENT,159
U101880,IN,53.13,UPI_WALLET,2028
U101881,US,301.61,CARD_PRESENT,1737
U101882,IN,189.99,CARD_PRESENT,2110
U101883,GB,57.0,CARD_PRESENT,2339
U101884,IN,32.25,CARD_NOT_PRESENT,357
U101885,IN,56.08,CARD_PRESENT,2077
U101886,IN,50.82,CARD_NOT_PRESENT,110
U101887,IN,126.16,CARD_NOT_PRESENT,929
U101888,SG,18.61,WIRE_TRANSFER,744
U101889,IN,25.93,UPI_WALLET,593
U101890,IN,123.9,CARD_PRESENT,1796
U101891,GB,49.29,CARD_NOT_PRESENT,303
U101892,US,63.28,UPI_WALLET,2022
U101893,IN,143.37,CARD_PRESENT,2184
U101894,IN,161.89,WIRE_TRANSFER,1664
U101895,IN,184.37,CARD_NOT_PRESENT,203
U101896,US,135.92,CARD_PRESENT,1491
U101897,IN,75.97,CARD_PRESENT,1572
U101898,IN,71.77,WIRE_TRANSFER,933
U101899,IN,66.23,WIRE_TRANSFER,918
U101900,US,35.88,UPI_WALLET,1173
U101901,IN,44.74,CARD_PRESENT,2489
U101902,AE,169.71,UPI_WALLET,10
U101903,IN,52.86,CARD_PRESENT,1272
U101904,US,36.05,CARD_NOT_PRESENT,793
U101905,IN,178.49,UPI_WALLET,1372
U101906,IN,99.93,WIRE_TRANSFER,10
U101907,IN,232.95,CARD_NOT_PRESENT,2294
U101908,AE,217.9,CARD_NOT_PRESENT,1143
U101909,SG,38.42,CARD_PRESENT,2424
U101910,IN,81.33,CARD_NOT_PRESENT,386
U101911,IN,42.37,CARD_PRESENT,1459
U101912,SG,42.1,UPI_WALLET,1699
U101913,IN,64.92,CARD_PRESENT,1990
U101914,IN,128.49,UPI_WALLET,23
U101915,IN,128.98,CARD_PRESENT,1587
U101916,US,119.04,CARD_NOT_PRESENT,370
U101917,GB,75.81,CARD_PRESENT,1069
U101918,US,133.36,CARD_NOT_PRESENT,134
U101919,RU,35.66,CARD_NOT_PRESENT,144
U101920,IN,100.98,CARD_NOT_PRESENT,1916
U101921,IN,88.19,WIRE_TRANSFER,1794
U101922,IN,72.77,CARD_PRESENT,2238
U101923,IN,103.52,CARD_NOT_PRESENT,1750
U101924,IN,17.34,WIRE_TRANSFER,1489
U101925,IN,42.97,CARD_PRESENT,292
U101926,IN,122.03,UPI_WALLET,1912
U101927,GB,86.68,WIRE_TRANSFER,575
U101928,IN,27.81,UPI_WALLET,267
U101929,IN,85.37,CARD_NOT_PRESENT,1830
U101930,US,59.96,UPI_WALLET,1470
U101931,US,172.36,CARD_NOT_PRESENT,375
U101932,GB,37.61,CARD_NOT_PRESENT,1373
U101933,AE,38.61,WIRE_TRANSFER,1727
U101934,GB,112.17,CARD_PRESENT,1247
U101935,IN,77.87,UPI_WALLET,1795
U101936,IN,75.37,CARD_NOT_PRESENT,1261
U101937,US,302.68,CARD_PRESENT,884
U101938,IN,131.3,CARD_NOT_PRESENT,559
U101939,IN,69.02,UPI_WALLET,646
U101940,IN,25.2,CARD_NOT_PRESENT,2022
U101941,IN,66.38,UPI_WALLET,933
U101942,IN,34.82,CARD_NOT_PRESENT,1790
U101943,IN,44.99,WIRE_TRANSFER,898
U101944,AE,46.08,CARD_NOT_PRESENT,1314
U101945,NG,163.88,UPI_WALLET,1517
U101946,IN,29.6,CARD_PRESENT,1194
U101947,NG,153.72,CARD_NOT_PRESENT,1859
U101948,IN,115.48,WIRE_TRANSFER,2310
U101949,NG,114.39,CARD_PRESENT,2154
U101950,RU,43.68,CARD_NOT_PRESENT,2303
U101951,IN,141.07,UPI_WALLET,75
U101952,GB,40.04,UPI_WALLET,1898
U101953,RU,207.03,UPI_WALLET,1816
U101954,SG,166.3,UPI_WALLET,1031
U101955,RU,229.28,WIRE_TRANSFER,786
U101956,US,88.5,CARD_NOT_PRESENT,133
U101957,IN,77.83,CARD_NOT_PRESENT,2096
U101958,AE,65.14,UPI_WALLET,2100
U101959,US,298.69,UPI_WALLET,190
U101960,US,127.76,CARD_PRESENT,1455
U101961,IN,35.11,CARD_NOT_PRESENT,1378
U101962,US,192.35,CARD_NOT_PRESENT,431
U101963,IN,75.83,UPI_WALLET,1372
U101964,GB,11.13,CARD_NOT_PRESENT,2029
U101965,IN,50.69,UPI_WALLET,816
U101966,GB,166.23,UPI_WALLET,1814
U101967,AE,115.73,CARD_PRESENT,2425
U101968,IN,130.8,CARD_NOT_PRESENT,1137
U101969,IN,191.17,CARD_NOT_PRESENT,268
U101970,IN,21.99,CARD_PRESENT,744
U101971,RU,51.13,CARD_NOT_PRESENT,341
U101972,GB,89.83,CARD_NOT_PRESENT,882
U101973,IN,169.34,UPI_WALLET,1611
U101974,IN,39.87,CARD_NOT_PRESENT,507
U101975,IN,68.74,CARD_PRESENT,1286
U101976,IN,86.05,CARD_NOT_PRESENT,2495
U101977,NG,49.33,UPI_WALLET,661
U101978,GB,85.39,CARD_NOT_PRESENT,2199
U101979,IN,77.57,CARD_PRESENT,761
U101980,SG,58.93,WIRE_TRANSFER,1535
U101981,IN,140.84,CARD_PRESENT,393
U101982,SG,125.07,CARD_PRESENT,670
U101983,IN,144.84,CARD_NOT_PRESENT,2169
U101984,US,153.0,UPI_WALLET,1474
U101985,NG,221.5,UPI_WALLET,1424
U101986,IN,27.0,CARD_PRESENT,1277
U101987,US,29.39,UPI_WALLET,612
U101988,BR,133.3,UPI_WALLET,2322
U101989,IN,62.83,UPI_WALLET,984
U101990,IN,57.37,WIRE_TRANSFER,29
U101991,US,51.41,UPI_WALLET,2266
U101992,IN,148.06,CARD_PRESENT,117
U101993,IN,287.03,CARD_PRESENT,2217
U101994,IN,152.49,WIRE_TRANSFER,665
U101995,GB,60.85,CARD_NOT_PRESENT,173
U101996,IN,143.32,CARD_NOT_PRESENT,551
U101997,IN,28.7,WIRE_TRANSFER,1635
U101998,AE,73.91,UPI_WALLET,1364
U101999,IN,22.02,UPI_WALLET,383
U102000,AE,62.91,UPI_WALLET,751
U102001,IN,96.46,CARD_PRESENT,527
U102002,RU,320.07,UPI_WALLET,1633
U102003,US,177.93,WIRE_TRANSFER,2160
U102004,IN,22.37,CARD_PRESENT,638
U102005,SG,24.08,CARD_PRESENT,2238
U102006,IN,49.57,UPI_WALLET,1020
U102007,IN,247.32,CARD_NOT_PRESENT,207
U102008,IN,23.19,CARD_PRESENT,806
U102009,US,51.69,CARD_PRESENT,2184
U102010,IN,51.5,CARD_PRESENT,2021
U102011,IN,112.03,CARD_PRESENT,1821
U102012,IN,145.66,UPI_WALLET,997
U102013,IN,125.87,UPI_WALLET,1939
U102014,IN,101.94,UPI_WALLET,1775
U102015,IN,27.79,CARD_PRESENT,1979
U102016,IN,91.62,CARD_NOT_PRESENT,1394
U102017,IN,194.59,CARD_PRESENT,1268
U102018,US,236.04,UPI_WALLET,2416
U102019,IN,110.07,WIRE_TRANSFER,2367
U102020,US,22.54,CARD_NOT_PRESENT,1340
U102021,IN,111.31,WIRE_TRANSFER,501
U102022,IN,77.4,CARD_PRESENT,1023
U102023,IN,25.4,CARD_PRESENT,1262
U102024,IN,38.14,UPI_WALLET,1693
U102025,IN,43.66,CARD_NOT_PRESENT,797
U102026,AE,133.6,WIRE_TRANSFER,114
U102027,IN,229.84,CARD_PRESENT,2056
U102028,IN,120.64,UPI_WALLET,2372
U102029,US,136.36,CARD_PRESENT,207
U102030,IN,81.18,CARD_PRESENT,796
U102031,IN,56.73,CARD_NOT_PRESENT,1084
U102032,IN,122.8,WIRE_TRANSFER,1901
U102033,IN,102.84,CARD_NOT_PRESENT,1933
U102034,IN,46.71,CARD_NOT_PRESENT,858
U102035,AE,98.32,CARD_PRESENT,781
U102036,NG,84.85,CARD_PRESENT,1013
U102037,IN,68.36,CARD_PRESENT,601
U102038,US,55.3,UPI_WALLET,1091
U102039,GB,110.01,CARD_PRESENT,657
U102040,IN,57.93,CARD_PRESENT,151
U102041,AE,287.27,CARD_NOT_PRESENT,1784
U102042,US,118.0,CARD_NOT_PRESENT,1968
U102043,NG,111.23,CARD_NOT_PRESENT,717
U102044,BR,75.32,CARD_PRESENT,1002
U102045,IN,64.21,CARD_NOT_PRESENT,1007
U102046,IN,18.61,UPI_WALLET,56
U102047,IN,49.03,CARD_PRESENT,1364
U102048,IN,22.15,UPI_WALLET,1146
U102049,IN,21.91,CARD_PRESENT,2351
U102050,BR,33.91,WIRE_TRANSFER,930
U102051,IN,181.87,WIRE_TRANSFER,1986
U102052,IN,181.32,CARD_PRESENT,977
U102053,AE,49.88,CARD_NOT_PRESENT,464
U102054,IN,27.27,CARD_NOT_PRESENT,872
U102055,IN,62.17,UPI_WALLET,2207
U102056,RU,132.73,CARD_NOT_PRESENT,641
U102057,IN,158.77,CARD_NOT_PRESENT,2112
U102058,IN,97.38,CARD_PRESENT,1664
U102059,IN,109.09,CARD_PRESENT,1863
U102060,NG,102.18,UPI_WALLET,1881
U102061,IN,23.42,CARD_NOT_PRESENT,1292
U102062,IN,29.41,UPI_WALLET,1505
U102063,IN,235.79,UPI_WALLET,175
U102064,IN,97.07,CARD_NOT_PRESENT,1747
U102065,NG,15.22,CARD_NOT_PRESENT,1779
U102066,IN,113.46,WIRE_TRANSFER,260
U102067,RU,42.12,UPI_WALLET,1296
U102068,IN,166.99,UPI_WALLET,1272
U102069,IN,155.75,WIRE_TRANSFER,775
U102070,SG,127.98,CARD_NOT_PRESENT,166
U102071,IN,96.32,UPI_WALLET,25
U102072,IN,193.09,UPI_WALLET,522
U102073,SG,205.61,CARD_PRESENT,578
U102074,IN,42.95,CARD_NOT_PRESENT,530
U102075,IN,127.07,CARD_NOT_PRESENT,1514
U102076,RU,55.76,CARD_NOT_PRESENT,1053
U102077,IN,38.38,CARD_PRESENT,281
U102078,IN,205.49,UPI_WALLET,210
U102079,IN,140.53,UPI_WALLET,1638
U102080,IN,101.73,CARD_NOT_PRESENT,2336
U102081,IN,46.11,CARD_PRESENT,2049
U102082,US,209.32,CARD_NOT_PRESENT,1894
U102083,IN,41.66,CARD_PRESENT,796
U102084,US,34.84,CARD_PRESENT,1760
U102085,IN,85.03,CARD_NOT_PRESENT,205
U102086,IN,132.71,UPI_WALLET,429
U102087,IN,66.61,CARD_NOT_PRESENT,350
U102088,GB,659.22,CARD_NOT_PRESENT,460
U102089,IN,95.28,UPI_WALLET,895
U102090,IN,55.59,CARD_NOT_PRESENT,110
U102091,SG,60.23,UPI_WALLET,2033
U102092,US,252.59,CARD_PRESENT,1787
U102093,IN,79.61,CARD_NOT_PRESENT,1586
U102094,SG,200.97,CARD_PRESENT,439
U102095,IN,21.29,CARD_NOT_PRESENT,2169
U102096,IN,169.16,WIRE_TRANSFER,16
U102097,IN,47.82,UPI_WALLET,2486
U102098,IN,142.73,CARD_NOT_PRESENT,1817
U102099,IN,47.52,CARD_PRESENT,507
U102100,GB,63.37,WIRE_TRANSFER,492
U102101,IN,37.52,CARD_NOT_PRESENT,1737
U102102,AE,144.52,CARD_PRESENT,2020
U102103,NG,159.44,WIRE_TRANSFER,1166
U102104,US,48.99,CARD_NOT_PRESENT,151
U102105,GB,25.85,CARD_NOT_PRESENT,1234
U102106,GB,199.15,CARD_PRESENT,1199
U102107,BR,53.41,CARD_PRESENT,814
U102108,IN,76.74,UPI_WALLET,2257
U102109,IN,42.66,CARD_NOT_PRESENT,856
U102110,IN,135.58,WIRE_TRANSFER,609
U102111,IN,137.8,CARD_PRESENT,1691
U102112,IN,220.23,CARD_NOT_PRESENT,1546
U102113,US,172.34,UPI_WALLET,1552
U102114,IN,164.8,CARD_NOT_PRESENT,1260
U102115,NG,81.74,CARD_NOT_PRESENT,796
U102116,IN,74.89,CARD_NOT_PRESENT,644
U102117,IN,134.35,UPI_WALLET,297
U102118,IN,78.58,UPI_WALLET,464
U102119,IN,176.13,CARD_PRESENT,1446
U102120,IN,40.65,CARD_NOT_PRESENT,1015
U102121,IN,20.94,CARD_NOT_PRESENT,1848
U102122,IN,124.19,CARD_PRESENT,2010
U102123,IN,58.4,CARD_PRESENT,1396
U102124,IN,36.08,WIRE_TRANSFER,262
U102125,IN,307.92,CARD_PRESENT,10
U102126,IN,87.08,CARD_PRESENT,571
U102127,IN,30.0,CARD_NOT_PRESENT,706
U102128,IN,53.45,CARD_PRESENT,185
U102129,IN,70.49,CARD_PRESENT,1946
U102130,IN,122.5,CARD_PRESENT,918
U102131,GB,53.65,CARD_PRESENT,1856
U102132,BR,77.55,CARD_NOT_PRESENT,522
U102133,NG,104.1,UPI_WALLET,27
U102134,IN,117.42,CARD_PRESENT,343
U102135,IN,81.54,CARD_NOT_PRESENT,1176
U102136,IN,250.08,CARD_NOT_PRESENT,1199
U102137,GB,136.53,CARD_PRESENT,1093
U102138,GB,131.62,CARD_NOT_PRESENT,2398
U102139,AE,128.48,CARD_NOT_PRESENT,1631
U102140,SG,177.0,CARD_PRESENT,1830
U102141,IN,99.46,CARD_NOT_PRESENT,313
U102142,GB,40.14,CARD_PRESENT,1164
U102143,AE,113.72,UPI_WALLET,1553
U102144,IN,123.43,WIRE_TRANSFER,1462
U102145,NG,194.8,UPI_WALLET,2367
U102146,IN,37.13,CARD_PRESENT,1189
U102147,BR,44.32,UPI_WALLET,930
U102148,GB,89.03,CARD_NOT_PRESENT,2361
U102149,IN,130.89,CARD_PRESENT,844
U102150,US,32.06,WIRE_TRANSFER,1425
U102151,IN,37.91,UPI_WALLET,71
U102152,GB,151.66,CARD_PRESENT,414
U102153,AE,33.09,WIRE_TRANSFER,144
U102154,US,44.79,CARD_PRESENT,1045
U102155,SG,157.92,CARD_NOT_PRESENT,2328
U102156,IN,129.64,CARD_PRESENT,179
U102157,IN,54.06,CARD_PRESENT,2438
U102158,IN,119.98,WIRE_TRANSFER,2172
U102159,IN,105.19,CARD_NOT_PRESENT,15
U102160,IN,79.34,CARD_PRESENT,39
U102161,IN,65.42,UPI_WALLET,2251
U102162,IN,116.87,UPI_WALLET,1463
U102163,IN,35.38,WIRE_TRANSFER,435
U102164,SG,115.99,WIRE_TRANSFER,2384
U102165,IN,98.72,WIRE_TRANSFER,1403
U102166,SG,103.56,CARD_NOT_PRESENT,1588
U102167,IN,43.32,CARD_PRESENT,1695
U102168,IN,197.91,WIRE_TRANSFER,504
U102169,IN,54.2,CARD_PRESENT,898
U102170,IN,60.58,CARD_PRESENT,322
U102171,IN,77.17,CARD_NOT_PRESENT,1322
U102172,IN,129.44,CARD_PRESENT,2468
U102173,IN,101.48,CARD_NOT_PRESENT,1569
U102174,IN,25.1,WIRE_TRANSFER,1730
U102175,US,86.22,CARD_NOT_PRESENT,485
U102176,IN,91.21,CARD_NOT_PRESENT,1355
U102177,AE,200.97,CARD_NOT_PRESENT,2485
U102178,IN,69.67,UPI_WALLET,221
U102179,RU,122.17,CARD_PRESENT,510
U102180,AE,397.5,CARD_PRESENT,1799
U102181,RU,179.48,CARD_NOT_PRESENT,26
U102182,AE,41.55,CARD_NOT_PRESENT,517
U102183,IN,140.82,CARD_NOT_PRESENT,2360
U102184,IN,116.31,CARD_PRESENT,48
U102185,IN,68.05,CARD_PRESENT,1073
U102186,AE,141.88,UPI_WALLET,825
U102187,US,41.08,CARD_NOT_PRESENT,997
U102188,IN,55.01,CARD_NOT_PRESENT,645
U102189,NG,77.74,UPI_WALLET,689
U102190,IN,65.83,UPI_WALLET,1902
U102191,US,132.09,CARD_PRESENT,65
U102192,GB,84.6,UPI_WALLET,324
U102193,IN,61.2,CARD_PRESENT,662
U102194,US,177.59,CARD_PRESENT,2066
U102195,AE,128.86,UPI_WALLET,983
U102196,IN,29.06,CARD_PRESENT,88
U102197,IN,28.62,CARD_PRESENT,1301
U102198,IN,61.52,UPI_WALLET,1568
U102199,US,31.91,UPI_WALLET,1144
U102200,IN,159.85,WIRE_TRANSFER,222
U102201,NG,56.93,UPI_WALLET,2197
U102202,SG,122.07,CARD_PRESENT,2145
U102203,IN,139.55,CARD_NOT_PRESENT,2278
U102204,IN,18.77,CARD_NOT_PRESENT,2409
U102205,US,58.82,UPI_WALLET,793
U102206,GB,75.29,CARD_PRESENT,1054
U102207,IN,104.5,CARD_PRESENT,2398
U102208,IN,154.14,CARD_PRESENT,1124
U102209,IN,316.51,UPI_WALLET,2162
U102210,BR,234.68,CARD_PRESENT,1619
U102211,IN,83.91,CARD_NOT_PRESENT,2319
U102212,SG,83.22,UPI_WALLET,27
U102213,IN,219.46,UPI_WALLET,1766
U102214,NG,87.09,CARD_NOT_PRESENT,2002
U102215,IN,57.87,CARD_PRESENT,496
U102216,IN,161.53,WIRE_TRANSFER,1838
U102217,NG,107.9,CARD_NOT_PRESENT,488
U102218,NG,28.27,CARD_NOT_PRESENT,2262
U102219,IN,70.1,WIRE_TRANSFER,2271
U102220,IN,32.68,CARD_PRESENT,10
U102221,IN,11.11,CARD_NOT_PRESENT,1268
U102222,IN,255.15,CARD_PRESENT,956
U102223,IN,94.83,CARD_PRESENT,2226
U102224,SG,71.95,CARD_NOT_PRESENT,801
U102225,IN,61.18,UPI_WALLET,1801
U102226,GB,88.22,CARD_PRESENT,292
U102227,IN,60.62,UPI_WALLET,532
U102228,IN,42.12,UPI_WALLET,2463
U102229,US,63.21,UPI_WALLET,962
U102230,IN,206.05,CARD_PRESENT,1914
U102231,US,159.19,UPI_WALLET,2419
U102232,IN,63.27,CARD_PRESENT,2413
U102233,NG,271.42,UPI_WALLET,49
U102234,GB,83.22,CARD_NOT_PRESENT,582
U102235,SG,49.39,UPI_WALLET,1786
U102236,IN,111.09,CARD_PRESENT,2317
U102237,IN,226.72,CARD_NOT_PRESENT,2446
U102238,IN,199.93,CARD_PRESENT,1800
U102239,IN,51.2,CARD_PRESENT,261
U102240,IN,35.99,CARD_NOT_PRESENT,1856
U102241,IN,67.44,CARD_PRESENT,680
U102242,IN,123.54,UPI_WALLET,2021
U102243,IN,145.83,UPI_WALLET,1367
U102244,IN,182.32,CARD_NOT_PRESENT,460
U102245,IN,98.36,UPI_WALLET,2109
U102246,IN,100.53,UPI_WALLET,2472
U102247,US,95.94,WIRE_TRANSFER,1266
U102248,IN,167.54,CARD_PRESENT,2031
U102249,IN,147.49,CARD_NOT_PRESENT,149
U102250,IN,49.86,UPI_WALLET,678
U102251,GB,136.08,CARD_PRESENT,318
U102252,IN,160.73,CARD_PRESENT,710
U102253,US,168.94,CARD_PRESENT,940
U102254,RU,107.98,CARD_NOT_PRESENT,1078
U102255,IN,104.12,CARD_NOT_PRESENT,807
U102256,SG,85.71,UPI_WALLET,1362
U102257,AE,91.88,CARD_NOT_PRESENT,549
U102258,IN,245.75,UPI_WALLET,870
U102259,IN,93.98,CARD_PRESENT,2100
U102260,US,52.82,UPI_WALLET,1406
U102261,BR,109.49,UPI_WALLET,68
U102262,IN,144.0,CARD_PRESENT,821
U102263,IN,164.52,CARD_PRESENT,2073
U102264,US,41.76,CARD_PRESENT,451
U102265,IN,214.9,WIRE_TRANSFER,2304
U102266,GB,140.55,CARD_PRESENT,740
U102267,IN,207.35,CARD_PRESENT,1575
U102268,GB,30.96,CARD_PRESENT,1188
U102269,SG,173.03,CARD_PRESENT,1563
U102270,US,40.27,CARD_NOT_PRESENT,1993
U102271,US,73.03,UPI_WALLET,373
U102272,GB,143.5,CARD_NOT_PRESENT,881
U102273,AE,37.37,UPI_WALLET,1421
U102274,SG,60.29,CARD_PRESENT,652
U102275,IN,30.52,CARD_NOT_PRESENT,938
U102276,US,141.07,UPI_WALLET,2214
U102277,IN,49.26,UPI_WALLET,573
U102278,SG,89.97,UPI_WALLET,475
U102279,US,116.45,CARD_PRESENT,1458
U102280,IN,108.67,CARD_NOT_PRESENT,250
U102281,IN,102.25,UPI_WALLET,3
U102282,IN,102.12,CARD_PRESENT,2174
U102283,GB,32.11,UPI_WALLET,691
U102284,IN,75.84,CARD_PRESENT,302
U102285,IN,101.52,CARD_PRESENT,1640
U102286,SG,94.32,UPI_WALLET,1202
U102287,GB,81.97,UPI_WALLET,1138
U102288,IN,54.21,UPI_WALLET,1096
U102289,IN,107.12,UPI_WALLET,364
U102290,RU,120.44,CARD_PRESENT,2146
U102291,GB,66.08,CARD_NOT_PRESENT,4
U102292,US,165.24,WIRE_TRANSFER,1208
U102293,IN,217.71,CARD_PRESENT,676
U102294,IN,91.18,CARD_NOT_PRESENT,1604
U102295,IN,50.67,WIRE_TRANSFER,1373
U102296,GB,37.02,CARD_PRESENT,962
U102297,IN,72.3,WIRE_TRANSFER,1336
U102298,IN,86.73,CARD_NOT_PRESENT,568
U102299,GB,35.56,UPI_WALLET,328
U102300,NG,70.77,CARD_NOT_PRESENT,2263
U102301,GB,159.82,UPI_WALLET,1534
U102302,IN,16.51,UPI_WALLET,1634
U102303,IN,95.05,CARD_PRESENT,2497
U102304,IN,60.03,CARD_NOT_PRESENT,2260
U102305,IN,88.55,WIRE_TRANSFER,1462
U102306,IN,225.0,WIRE_TRANSFER,1981
U102307,IN,85.77,WIRE_TRANSFER,1319
U102308,US,77.59,CARD_NOT_PRESENT,595
U102309,SG,135.33,CARD_NOT_PRESENT,1556
U102310,BR,108.08,CARD_NOT_PRESENT,2282
U102311,IN,95.32,CARD_NOT_PRESENT,2199
U102312,IN,110.64,CARD_NOT_PRESENT,1263
U102313,IN,187.59,CARD_PRESENT,2365
U102314,IN,153.37,CARD_PRESENT,494
U102315,IN,73.98,CARD_NOT_PRESENT,103
U102316,IN,217.62,CARD_PRESENT,1008
U102317,GB,62.64,CARD_PRESENT,513
U102318,IN,95.06,CARD_PRESENT,2394
U102319,NG,102.37,UPI_WALLET,290
U102320,IN,71.58,WIRE_TRANSFER,1337
U102321,IN,203.19,CARD_NOT_PRESENT,1931
U102322,IN,69.14,WIRE_TRANSFER,278
U102323,IN,81.28,UPI_WALLET,114
U102324,IN,167.61,CARD_PRESENT,1384
U102325,BR,64.28,CARD_PRESENT,2256
U102326,IN,34.45,CARD_PRESENT,41
U102327,IN,96.87,CARD_PRESENT,52
U102328,US,42.47,CARD_NOT_PRESENT,2313
U102329,IN,39.06,CARD_PRESENT,1506
U102330,US,16.81,WIRE_TRANSFER,1753
U102331,IN,18.63,CARD_NOT_PRESENT,689
U102332,AE,19.77,CARD_NOT_PRESENT,781
U102333,IN,235.5,WIRE_TRANSFER,1176
U102334,IN,19.7,WIRE_TRANSFER,535
U102335,US,41.69,UPI_WALLET,1105
U102336,SG,82.22,UPI_WALLET,2384
U102337,IN,131.52,WIRE_TRANSFER,1872
U102338,US,140.23,CARD_NOT_PRESENT,2172
U102339,IN,50.69,UPI_WALLET,1242
U102340,IN,93.91,CARD_PRESENT,1968
U102341,IN,80.6,CARD_NOT_PRESENT,1053
U102342,GB,90.39,CARD_NOT_PRESENT,1543
U102343,IN,98.52,CARD_PRESENT,1825
U102344,GB,116.2,CARD_PRESENT,2062
U102345,IN,59.24,CARD_PRESENT,2314
U102346,SG,182.6,CARD_PRESENT,264
U102347,AE,69.51,CARD_PRESENT,1985
U102348,IN,308.1,CARD_NOT_PRESENT,1774
U102349,IN,61.82,UPI_WALLET,1842
U102350,IN,95.02,CARD_NOT_PRESENT,37
U102351,SG,81.09,UPI_WALLET,1219
U102352,IN,92.56,CARD_PRESENT,2402
U102353,IN,170.4,UPI_WALLET,2250
U102354,IN,77.98,CARD_PRESENT,577
U102355,AE,37.84,CARD_PRESENT,1216
U102356,IN,58.49,CARD_NOT_PRESENT,2159
U102357,IN,78.1,WIRE_TRANSFER,2325
U102358,BR,100.63,WIRE_TRANSFER,828
U102359,IN,50.86,UPI_WALLET,2007
U102360,AE,54.95,UPI_WALLET,2087
U102361,IN,103.04,CARD_NOT_PRESENT,376
U102362,IN,105.38,UPI_WALLET,80
U102363,SG,155.58,CARD_PRESENT,118
U102364,US,57.98,CARD_PRESENT,364
U102365,US,123.59,WIRE_TRANSFER,1852
U102366,IN,81.19,WIRE_TRANSFER,974
U102367,IN,63.95,CARD_PRESENT,1714
U102368,IN,82.99,CARD_PRESENT,225
U102369,IN,90.86,CARD_PRESENT,1505
U102370,IN,34.84,CARD_NOT_PRESENT,1862
U102371,IN,36.94,CARD_PRESENT,2440
U102372,IN,134.45,CARD_NOT_PRESENT,798
U102373,IN,68.34,CARD_PRESENT,1363
U102374,IN,101.11,CARD_PRESENT,1208
U102375,IN,131.94,CARD_PRESENT,870
U102376,SG,83.33,UPI_WALLET,1599
U102377,US,125.03,CARD_PRESENT,1412
U102378,IN,91.25,CARD_NOT_PRESENT,2082
U102379,US,94.07,UPI_WALLET,72
U102380,AE,179.09,UPI_WALLET,555
U102381,IN,77.4,CARD_PRESENT,1448
U102382,IN,135.42,UPI_WALLET,1434
U102383,IN,30.25,CARD_PRESENT,2256
U102384,IN,98.75,CARD_NOT_PRESENT,1687
U102385,GB,207.45,CARD_NOT_PRESENT,11
U102386,BR,321.67,WIRE_TRANSFER,1223
U102387,IN,31.45,WIRE_TRANSFER,2113
U102388,GB,68.1,UPI_WALLET,2182
U102389,IN,43.18,WIRE_TRANSFER,2005
U102390,US,79.48,CARD_PRESENT,1194
U102391,GB,149.41,UPI_WALLET,266
U102392,IN,183.07,CARD_PRESENT,534
U102393,IN,186.75,CARD_PRESENT,2117
U102394,US,29.29,CARD_NOT_PRESENT,852
U102395,BR,89.57,UPI_WALLET,1909
U102396,IN,57.15,UPI_WALLET,91
U102397,IN,76.41,UPI_WALLET,1228
U102398,IN,62.92,CARD_NOT_PRESENT,2376
U102399,US,30.46,WIRE_TRANSFER,613
U102400,US,184.18,UPI_WALLET,77
U102401,AE,51.23,UPI_WALLET,720
U102402,GB,57.91,CARD_PRESENT,158
U102403,SG,208.22,CARD_NOT_PRESENT,1531
U102404,AE,26.45,UPI_WALLET,480
U102405,IN,115.13,WIRE_TRANSFER,616
U102406,US,162.56,CARD_PRESENT,1469
U102407,IN,198.13,CARD_PRESENT,814
U102408,IN,110.14,CARD_PRESENT,1626
U102409,NG,136.99,CARD_PRESENT,2327
U102410,US,162.51,UPI_WALLET,2328
U102411,RU,80.32,CARD_PRESENT,1823
U102412,IN,46.13,CARD_NOT_PRESENT,2421
U102413,IN,217.91,UPI_WALLET,1840
U102414,IN,127.84,CARD_NOT_PRESENT,170
U102415,IN,89.5,CARD_PRESENT,2389
U102416,IN,31.7,CARD_NOT_PRESENT,1417
U102417,IN,14.18,CARD_NOT_PRESENT,15
U102418,IN,113.7,WIRE_TRANSFER,1551
U102419,NG,13.48,UPI_WALLET,611
U102420,IN,88.86,WIRE_TRANSFER,1336
U102421,IN,52.95,CARD_PRESENT,1645
U102422,GB,62.81,UPI_WALLET,70
U102423,IN,188.0,CARD_NOT_PRESENT,1096
U102424,SG,53.31,UPI_WALLET,139
U102425,GB,91.83,CARD_NOT_PRESENT,282
U102426,IN,53.52,CARD_PRESENT,529
U102427,US,106.97,CARD_PRESENT,1953
U102428,US,97.36,UPI_WALLET,1033
U102429,GB,88.9,UPI_WALLET,118
U102430,AE,162.88,CARD_PRESENT,1867
U102431,GB,26.5,CARD_NOT_PRESENT,1360
U102432,US,21.28,UPI_WALLET,354
U102433,IN,36.23,CARD_NOT_PRESENT,1406
U102434,US,97.68,CARD_PRESENT,622
U102435,RU,118.94,UPI_WALLET,1590
U102436,US,8.27,CARD_NOT_PRESENT,2369
U102437,US,117.94,UPI_WALLET,789
U102438,IN,69.28,UPI_WALLET,1863
U102439,GB,221.38,UPI_WALLET,59
U102440,BR,112.45,CARD_PRESENT,1018
U102441,IN,205.69,WIRE_TRANSFER,2222
U102442,IN,182.21,CARD_PRESENT,187
U102443,IN,69.31,UPI_WALLET,2323
U102444,IN,149.82,UPI_WALLET,235
U102445,US,69.2,UPI_WALLET,1205
U102446,IN,238.47,CARD_NOT_PRESENT,453
U102447,IN,73.83,CARD_PRESENT,52
U102448,US,122.61,CARD_NOT_PRESENT,873
U102449,US,266.17,CARD_NOT_PRESENT,1452
U102450,US,126.09,CARD_PRESENT,1806
U102451,GB,64.31,CARD_PRESENT,790
U102452,US,33.1,WIRE_TRANSFER,1231
U102453,AE,26.69,CARD_PRESENT,457
U102454,US,117.56,CARD_PRESENT,1824
U102455,IN,82.98,CARD_PRESENT,423
U102456,US,36.73,CARD_NOT_PRESENT,2152
U102457,IN,139.76,CARD_NOT_PRESENT,448
U102458,IN,138.54,UPI_WALLET,1660
U102459,IN,81.98,CARD_NOT_PRESENT,827
U102460,SG,211.3,CARD_PRESENT,2491
U102461,US,22.91,CARD_NOT_PRESENT,702
U102462,IN,66.05,CARD_PRESENT,2371
U102463,US,125.65,UPI_WALLET,2091
U102464,IN,40.04,CARD_PRESENT,1170
U102465,GB,148.61,CARD_PRESENT,1238
U102466,AE,176.68,CARD_NOT_PRESENT,885
U102467,US,10.7,CARD_PRESENT,1069
U102468,US,215.73,CARD_NOT_PRESENT,1165
U102469,IN,120.8,CARD_NOT_PRESENT,365
U102470,IN,60.67,WIRE_TRANSFER,807
U102471,SG,28.54,CARD_PRESENT,2189
U102472,GB,161.3,CARD_NOT_PRESENT,2447
U102473,IN,35.28,UPI_WALLET,138
U102474,IN,120.65,CARD_PRESENT,1831
U102475,IN,36.41,CARD_NOT_PRESENT,599
U102476,IN,87.51,UPI_WALLET,1635
U102477,IN,156.79,UPI_WALLET,1554
U102478,IN,61.25,WIRE_TRANSFER,2197
U102479,NG,214.82,UPI_WALLET,1756
U102480,IN,127.54,CARD_NOT_PRESENT,2059
U102481,IN,40.14,WIRE_TRANSFER,2003
U102482,IN,30.35,CARD_PRESENT,1618
U102483,IN,48.85,CARD_NOT_PRESENT,1026
U102484,AE,84.68,UPI_WALLET,843
U102485,IN,227.59,UPI_WALLET,867
U102486,GB,254.69,WIRE_TRANSFER,897
U102487,AE,59.58,CARD_PRESENT,722
U102488,IN,58.24,UPI_WALLET,777
U102489,US,141.5,CARD_PRESENT,1420
U102490,RU,140.76,UPI_WALLET,676
U102491,IN,193.7,UPI_WALLET,872
U102492,IN,196.95,CARD_PRESENT,1773
U102493,NG,46.34,UPI_WALLET,820
U102494,SG,25.76,CARD_NOT_PRESENT,267
U102495,IN,128.76,CARD_NOT_PRESENT,43
U102496,US,101.2,WIRE_TRANSFER,1913
U102497,IN,16.35,UPI_WALLET,2370
U102498,AE,25.26,CARD_NOT_PRESENT,1706
U102499,IN,124.73,CARD_PRESENT,152
U102500,IN,79.6,CARD_PRESENT,1408
U102501,US,126.59,CARD_PRESENT,677
U102502,RU,38.07,CARD_PRESENT,802
U102503,AE,132.61,CARD_PRESENT,2303
U102504,IN,109.68,CARD_NOT_PRESENT,2061
U102505,IN,138.99,UPI_WALLET,1838
U102506,NG,62.68,CARD_PRESENT,1252
U102507,NG,53.31,CARD_NOT_PRESENT,1445
U102508,IN,28.5,WIRE_TRANSFER,2289
U102509,US,70.36,CARD_PRESENT,1652
U102510,IN,171.92,UPI_WALLET,1447
U102511,IN,202.49,CARD_PRESENT,243
U102512,IN,35.52,CARD_NOT_PRESENT,2491
U102513,IN,84.64,UPI_WALLET,2021
U102514,IN,229.73,CARD_PRESENT,912
U102515,AE,249.32,CARD_PRESENT,626
U102516,IN,68.34,UPI_WALLET,2419
U102517,IN,181.63,CARD_PRESENT,2390
U102518,IN,162.39,UPI_WALLET,1051
U102519,IN,153.98,CARD_NOT_PRESENT,579
U102520,IN,22.45,CARD_PRESENT,1994
U102521,US,57.0,UPI_WALLET,1563
U102522,IN,78.41,CARD_NOT_PRESENT,2250
U102523,US,76.84,CARD_PRESENT,1363
U102524,NG,84.01,WIRE_TRANSFER,1380
U102525,IN,266.43,CARD_NOT_PRESENT,358
U102526,NG,70.02,UPI_WALLET,1508
U102527,SG,113.1,CARD_PRESENT,907
U102528,AE,110.44,CARD_PRESENT,514
U102529,US,84.74,UPI_WALLET,1953
U102530,US,37.3,UPI_WALLET,865
U102531,US,92.69,CARD_PRESENT,532
U102532,US,16.1,UPI_WALLET,2401
U102533,IN,120.67,CARD_NOT_PRESENT,2407
U102534,RU,13.97,CARD_PRESENT,1236
U102535,US,113.61,UPI_WALLET,739
U102536,AE,54.81,CARD_NOT_PRESENT,405
U102537,IN,41.41,CARD_NOT_PRESENT,1567
U102538,IN,142.92,UPI_WALLET,1527
U102539,IN,64.34,CARD_NOT_PRESENT,1547
U102540,IN,89.44,WIRE_TRANSFER,1919
U102541,IN,23.09,UPI_WALLET,1177
U102542,IN,211.97,CARD_NOT_PRESENT,1708
U102543,IN,95.51,CARD_NOT_PRESENT,1638
U102544,IN,95.35,WIRE_TRANSFER,1989
U102545,IN,122.4,UPI_WALLET,1859
U102546,RU,9.68,CARD_PRESENT,90
U102547,IN,225.45,CARD_PRESENT,1547
U102548,IN,68.2,CARD_NOT_PRESENT,2438
U102549,IN,217.06,UPI_WALLET,1400
U102550,IN,66.5,WIRE_TRANSFER,1324
U102551,IN,56.02,UPI_WALLET,1516
U102552,US,116.95,CARD_PRESENT,1400
U102553,RU,300.03,UPI_WALLET,1005
U102554,IN,181.51,CARD_PRESENT,2484
U102555,US,125.6,CARD_NOT_PRESENT,178
U102556,IN,115.73,CARD_NOT_PRESENT,2035
U102557,IN,92.1,CARD_NOT_PRESENT,400
U102558,IN,210.93,CARD_NOT_PRESENT,516
U102559,IN,145.3,CARD_PRESENT,1517
U102560,US,28.01,CARD_PRESENT,1595
U102561,US,41.61,UPI_WALLET,2318
U102562,GB,128.46,CARD_PRESENT,736
U102563,IN,36.16,CARD_NOT_PRESENT,65
U102564,US,95.14,CARD_PRESENT,638
U102565,IN,153.21,CARD_PRESENT,1360
U102566,IN,117.51,CARD_PRESENT,894
U102567,IN,31.84,UPI_WALLET,630
U102568,US,43.44,CARD_NOT_PRESENT,2285
U102569,BR,119.97,CARD_PRESENT,1404
U102570,IN,279.68,UPI_WALLET,1680
U102571,US,81.87,CARD_PRESENT,1874
U102572,GB,156.65,UPI_WALLET,1023
U102573,AE,118.19,CARD_PRESENT,1838
U102574,IN,54.38,WIRE_TRANSFER,2409
U102575,US,157.81,CARD_PRESENT,1812
U102576,US,22.51,CARD_NOT_PRESENT,742
U102577,SG,150.45,CARD_NOT_PRESENT,1947
U102578,IN,123.03,CARD_NOT_PRESENT,591
U102579,NG,58.31,UPI_WALLET,182
U102580,IN,38.75,CARD_PRESENT,1110
U102581,AE,62.21,CARD_NOT_PRESENT,1274
U102582,IN,51.32,UPI_WALLET,1175
U102583,IN,72.77,UPI_WALLET,655
U102584,IN,67.02,CARD_NOT_PRESENT,683
U102585,IN,58.29,CARD_NOT_PRESENT,2303
U102586,IN,21.75,UPI_WALLET,729
U102587,IN,34.5,UPI_WALLET,1957
U102588,IN,174.06,UPI_WALLET,644
U102589,IN,59.56,UPI_WALLET,269
U102590,GB,73.78,CARD_NOT_PRESENT,158
U102591,SG,64.41,CARD_NOT_PRESENT,608
U102592,US,213.99,CARD_NOT_PRESENT,2103
U102593,IN,50.4,CARD_PRESENT,1138
U102594,IN,47.7,UPI_WALLET,1737
U102595,NG,124.83,CARD_NOT_PRESENT,2407
U102596,IN,100.24,CARD_PRESENT,121
U102597,IN,127.13,UPI_WALLET,275
U102598,NG,121.91,CARD_PRESENT,2300
U102599,RU,160.44,CARD_PRESENT,1420
U102600,IN,31.16,CARD_NOT_PRESENT,1545
U102601,US,117.09,UPI_WALLET,853
U102602,IN,47.94,CARD_NOT_PRESENT,2067
U102603,GB,16.75,CARD_PRESENT,1616
U102604,IN,121.36,CARD_NOT_PRESENT,645
U102605,IN,116.76,CARD_PRESENT,1622
U102606,US,87.0,WIRE_TRANSFER,10
U102607,IN,162.25,CARD_PRESENT,602
U102608,US,48.23,UPI_WALLET,510
U102609,IN,134.56,CARD_PRESENT,1964
U102610,SG,78.52,CARD_PRESENT,1838
U102611,AE,82.8,CARD_NOT_PRESENT,229
U102612,IN,18.84,UPI_WALLET,2266
U102613,GB,163.31,WIRE_TRANSFER,2045
U102614,IN,113.79,CARD_NOT_PRESENT,1087
U102615,IN,131.22,CARD_NOT_PRESENT,530
U102616,IN,43.32,CARD_PRESENT,1051
U102617,SG,105.17,CARD_NOT_PRESENT,1474
U102618,AE,78.4,CARD_NOT_PRESENT,1575
U102619,SG,117.76,WIRE_TRANSFER,868
U102620,SG,101.96,CARD_NOT_PRESENT,254
U102621,RU,240.32,UPI_WALLET,1524
U102622,IN,194.98,UPI_WALLET,1763
U102623,NG,72.24,CARD_PRESENT,669
U102624,US,121.26,CARD_NOT_PRESENT,1599
U102625,IN,68.03,UPI_WALLET,1422
U102626,US,159.49,CARD_NOT_PRESENT,1253
U102627,IN,80.73,CARD_NOT_PRESENT,21
U102628,IN,61.5,UPI_WALLET,768
U102629,IN,104.2,CARD_PRESENT,936
U102630,IN,185.55,UPI_WALLET,2084
U102631,IN,167.41,CARD_NOT_PRESENT,2066
U102632,SG,64.08,CARD_NOT_PRESENT,2184
U102633,US,227.24,CARD_PRESENT,1158
U102634,IN,45.31,CARD_NOT_PRESENT,817
U102635,IN,56.22,CARD_PRESENT,1248
U102636,IN,155.23,CARD_PRESENT,1979
U102637,IN,16.84,CARD_NOT_PRESENT,1554
U102638,AE,89.61,CARD_PRESENT,1503
U102639,IN,72.02,CARD_NOT_PRESENT,1086
U102640,GB,235.55,CARD_PRESENT,1741
U102641,GB,39.29,CARD_PRESENT,2167
U102642,US,42.71,CARD_PRESENT,1670
U102643,SG,255.82,CARD_NOT_PRESENT,1008
U102644,IN,72.61,CARD_PRESENT,2100
U102645,SG,181.01,CARD_PRESENT,2356
U102646,GB,64.61,CARD_NOT_PRESENT,1991
U102647,AE,54.56,UPI_WALLET,2192
U102648,US,186.69,UPI_WALLET,664
U102649,AE,294.64,CARD_PRESENT,1053
U102650,BR,195.75,UPI_WALLET,624
U102651,IN,61.68,CARD_NOT_PRESENT,915
U102652,AE,86.96,CARD_NOT_PRESENT,1833
U102653,GB,44.18,CARD_PRESENT,1691
U102654,IN,49.97,CARD_PRESENT,8
U102655,NG,48.1,CARD_NOT_PRESENT,1888
U102656,IN,65.73,CARD_PRESENT,481
U102657,US,96.64,UPI_WALLET,465
U102658,IN,89.4,CARD_PRESENT,1359
U102659,IN,141.2,CARD_PRESENT,603
U102660,AE,100.07,CARD_PRESENT,2407
U102661,IN,132.66,CARD_PRESENT,366
U102662,IN,146.38,CARD_NOT_PRESENT,379
U102663,IN,62.47,CARD_PRESENT,1901
U102664,IN,79.59,CARD_NOT_PRESENT,717
U102665,AE,485.87,CARD_PRESENT,1786
U102666,SG,58.82,CARD_NOT_PRESENT,1704
U102667,IN,137.57,WIRE_TRANSFER,473
U102668,US,32.88,UPI_WALLET,1450
U102669,IN,149.09,CARD_NOT_PRESENT,1342
U102670,US,52.02,CARD_NOT_PRESENT,237
U102671,IN,91.59,UPI_WALLET,1910
U102672,IN,28.68,WIRE_TRANSFER,2143
U102673,IN,85.43,CARD_NOT_PRESENT,2367
U102674,US,86.64,CARD_PRESENT,220
U102675,IN,77.53,UPI_WALLET,447
U102676,IN,118.51,CARD_PRESENT,2062
U102677,AE,176.77,UPI_WALLET,761
U102678,GB,42.55,CARD_PRESENT,1564
U102679,IN,78.86,CARD_PRESENT,871
U102680,AE,30.34,UPI_WALLET,544
U102681,SG,20.25,UPI_WALLET,1562
U102682,IN,99.21,CARD_NOT_PRESENT,514
U102683,US,40.09,UPI_WALLET,341
U102684,IN,88.82,UPI_WALLET,1326
U102685,GB,101.89,CARD_NOT_PRESENT,484
U102686,IN,23.24,WIRE_TRANSFER,481
U102687,US,112.37,CARD_NOT_PRESENT,1951
U102688,IN,171.41,CARD_PRESENT,1322
U102689,IN,129.52,UPI_WALLET,1355
U102690,NG,43.34,CARD_NOT_PRESENT,359
U102691,IN,85.01,UPI_WALLET,401
U102692,SG,91.61,CARD_PRESENT,977
U102693,BR,79.9,CARD_PRESENT,971
U102694,SG,31.6,CARD_PRESENT,1129
U102695,IN,48.68,CARD_NOT_PRESENT,337
U102696,AE,75.05,UPI_WALLET,2246
U102697,IN,100.94,CARD_NOT_PRESENT,907
U102698,IN,58.54,CARD_PRESENT,2040
U102699,SG,18.43,CARD_NOT_PRESENT,1001
U102700,US,61.18,CARD_PRESENT,1180
U102701,IN,240.09,CARD_NOT_PRESENT,281
U102702,IN,112.88,UPI_WALLET,1692
U102703,AE,99.01,CARD_PRESENT,150
U102704,GB,48.13,CARD_NOT_PRESENT,1869
U102705,IN,63.24,CARD_NOT_PRESENT,2204
U102706,SG,17.34,CARD_PRESENT,904
U102707,IN,45.72,CARD_NOT_PRESENT,2219
U102708,IN,109.16,CARD_NOT_PRESENT,1747
U102709,US,99.51,CARD_NOT_PRESENT,7
U102710,RU,54.58,CARD_PRESENT,508
U102711,IN,79.85,CARD_PRESENT,1603
U102712,IN,89.44,UPI_WALLET,1754
U102713,IN,56.74,CARD_PRESENT,235
U102714,SG,117.2,UPI_WALLET,1711
U102715,IN,98.29,CARD_NOT_PRESENT,2025
U102716,IN,64.91,CARD_NOT_PRESENT,230
U102717,BR,33.3,UPI_WALLET,2199
U102718,IN,61.59,CARD_NOT_PRESENT,1333
U102719,US,58.66,CARD_PRESENT,1541
U102720,IN,54.49,CARD_PRESENT,127
U102721,AE,24.03,UPI_WALLET,1533
U102722,IN,200.87,CARD_NOT_PRESENT,1136
U102723,IN,194.72,UPI_WALLET,929
U102724,IN,77.88,CARD_NOT_PRESENT,1951
U102725,GB,100.62,CARD_NOT_PRESENT,624
U102726,AE,115.87,CARD_PRESENT,150
U102727,IN,78.74,CARD_PRESENT,1248
U102728,IN,105.41,UPI_WALLET,1859
U102729,SG,126.76,CARD_PRESENT,335
U102730,IN,95.86,WIRE_TRANSFER,2461
U102731,IN,141.38,CARD_PRESENT,1680
U102732,US,53.16,CARD_NOT_PRESENT,2335
U102733,IN,84.95,CARD_PRESENT,1175
U102734,IN,384.78,UPI_WALLET,308
U102735,IN,162.79,CARD_PRESENT,444
U102736,IN,97.33,CARD_NOT_PRESENT,1252
U102737,IN,42.64,WIRE_TRANSFER,1471
U102738,GB,87.93,CARD_NOT_PRESENT,1835
U102739,US,155.92,CARD_PRESENT,1988
U102740,IN,135.97,UPI_WALLET,1907
U102741,AE,19.69,CARD_NOT_PRESENT,1472
U102742,IN,24.76,CARD_PRESENT,46
U102743,GB,25.68,CARD_NOT_PRESENT,1324
U102744,IN,117.08,UPI_WALLET,2048
U102745,AE,25.96,CARD_NOT_PRESENT,2119
U102746,IN,41.24,UPI_WALLET,2086
U102747,IN,76.78,UPI_WALLET,27
U102748,IN,172.57,CARD_NOT_PRESENT,1088
U102749,IN,120.75,CARD_PRESENT,1542
U102750,IN,70.52,UPI_WALLET,619
U102751,GB,143.97,CARD_NOT_PRESENT,1024
U102752,AE,284.19,CARD_PRESENT,244
U102753,IN,88.46,CARD_PRESENT,484
U102754,SG,31.8,UPI_WALLET,15
U102755,AE,42.34,CARD_PRESENT,2448
U102756,SG,42.04,CARD_PRESENT,2149
U102757,US,49.47,CARD_PRESENT,1010
U102758,US,67.08,CARD_PRESENT,11
U102759,IN,102.92,WIRE_TRANSFER,838
U102760,US,28.11,CARD_NOT_PRESENT,1085
U102761,NG,32.37,UPI_WALLET,423
U102762,IN,126.02,UPI_WALLET,1654
U102763,IN,58.86,CARD_NOT_PRESENT,2494
U102764,IN,45.46,UPI_WALLET,2109
U102765,NG,72.53,WIRE_TRANSFER,2140
U102766,IN,191.71,UPI_WALLET,2077
U102767,US,137.41,UPI_WALLET,175
U102768,AE,131.37,CARD_NOT_PRESENT,1379
U102769,BR,234.38,UPI_WALLET,1414
U102770,IN,106.18,CARD_PRESENT,253
U102771,AE,247.85,UPI_WALLET,369
U102772,SG,260.29,CARD_NOT_PRESENT,1413
U102773,IN,28.81,CARD_NOT_PRESENT,1789
U102774,GB,22.9,UPI_WALLET,523
U102775,IN,39.97,CARD_NOT_PRESENT,1210
U102776,US,179.81,CARD_PRESENT,188
U102777,IN,73.57,UPI_WALLET,276
U102778,IN,67.31,WIRE_TRANSFER,1450
U102779,IN,146.48,CARD_NOT_PRESENT,1393
U102780,IN,56.73,UPI_WALLET,1875
U102781,IN,97.25,UPI_WALLET,2276
U102782,US,125.99,UPI_WALLET,475
U102783,IN,42.78,CARD_PRESENT,853
U102784,IN,35.69,CARD_NOT_PRESENT,2139
U102785,US,88.13,UPI_WALLET,127
U102786,US,95.91,WIRE_TRANSFER,2070
U102787,IN,139.25,CARD_PRESENT,2363
U102788,NG,39.21,CARD_PRESENT,250
U102789,IN,50.6,CARD_PRESENT,355
U102790,AE,258.67,UPI_WALLET,1710
U102791,IN,160.45,UPI_WALLET,1188
U102792,GB,78.43,CARD_NOT_PRESENT,2468
U102793,BR,177.05,CARD_PRESENT,1362
U102794,AE,39.32,CARD_PRESENT,1638
U102795,US,72.25,UPI_WALLET,593
U102796,US,95.36,CARD_PRESENT,811
U102797,IN,66.59,CARD_PRESENT,444
U102798,US,68.26,CARD_PRESENT,368
U102799,GB,134.74,UPI_WALLET,283
U102800,BR,161.89,CARD_NOT_PRESENT,2232
U102801,IN,61.66,CARD_PRESENT,175
U102802,IN,30.08,CARD_PRESENT,1291
U102803,US,25.38,WIRE_TRANSFER,1270
U102804,IN,15.98,CARD_NOT_PRESENT,140
U102805,IN,231.91,CARD_NOT_PRESENT,2105
U102806,IN,135.11,CARD_PRESENT,1252
U102807,GB,116.37,CARD_PRESENT,317
U102808,IN,56.02,UPI_WALLET,322
U102809,IN,55.79,UPI_WALLET,1751
U102810,IN,165.3,CARD_NOT_PRESENT,1549
U102811,SG,22.98,UPI_WALLET,1032
U102812,US,63.58,CARD_NOT_PRESENT,1013
U102813,IN,180.7,UPI_WALLET,89
U102814,IN,63.5,CARD_PRESENT,80
U102815,US,130.63,CARD_PRESENT,1340
U102816,IN,80.63,UPI_WALLET,909
U102817,US,8.93,WIRE_TRANSFER,630
U102818,IN,78.28,UPI_WALLET,948
U102819,NG,89.34,UPI_WALLET,1513
U102820,IN,74.11,UPI_WALLET,733
U102821,US,34.38,UPI_WALLET,873
U102822,IN,74.69,CARD_PRESENT,707
U102823,RU,16.82,CARD_NOT_PRESENT,1666
U102824,BR,63.03,UPI_WALLET,137
U102825,GB,137.52,CARD_NOT_PRESENT,2296
U102826,IN,223.88,UPI_WALLET,1386
U102827,IN,200.72,CARD_NOT_PRESENT,612
U102828,AE,38.53,CARD_PRESENT,1898
U102829,GB,26.29,CARD_PRESENT,2349
U102830,IN,95.38,UPI_WALLET,146
U102831,IN,85.4,CARD_PRESENT,511
U102832,IN,124.36,UPI_WALLET,360
U102833,AE,52.63,CARD_PRESENT,177
U102834,US,87.21,CARD_NOT_PRESENT,1847
U102835,US,84.01,UPI_WALLET,482
U102836,US,64.6,CARD_NOT_PRESENT,959
U102837,IN,21.68,UPI_WALLET,2037
U102838,IN,136.2,CARD_PRESENT,1529
U102839,IN,95.83,CARD_NOT_PRESENT,1694
U102840,AE,142.45,CARD_NOT_PRESENT,245
U102841,IN,165.21,UPI_WALLET,2427
U102842,IN,78.99,CARD_PRESENT,207
U102843,IN,136.77,CARD_PRESENT,1774
U102844,IN,227.22,UPI_WALLET,1598
U102845,US,274.37,WIRE_TRANSFER,1032
U102846,IN,103.87,UPI_WALLET,2095
U102847,IN,109.4,UPI_WALLET,2231
U102848,GB,102.69,CARD_NOT_PRESENT,176
U102849,IN,121.47,CARD_NOT_PRESENT,2395
U102850,IN,160.6,UPI_WALLET,603
U102851,IN,101.23,UPI_WALLET,1979
U102852,AE,264.41,UPI_WALLET,2052
U102853,IN,241.01,UPI_WALLET,1392
U102854,GB,89.18,UPI_WALLET,2158
U102855,NG,88.8,CARD_PRESENT,2064
U102856,US,61.14,CARD_PRESENT,1307
U102857,IN,125.85,WIRE_TRANSFER,448
U102858,GB,68.74,CARD_NOT_PRESENT,1086
U102859,IN,59.08,CARD_PRESENT,2250
U102860,IN,124.04,CARD_NOT_PRESENT,507
U102861,IN,36.9,CARD_NOT_PRESENT,2498
U102862,IN,162.41,UPI_WALLET,455
U102863,IN,127.36,UPI_WALLET,1663
U102864,IN,233.06,CARD_PRESENT,1602
U102865,IN,105.14,CARD_NOT_PRESENT,490
U102866,IN,140.55,CARD_PRESENT,1181
U102867,US,152.71,UPI_WALLET,361
U102868,NG,190.6,CARD_PRESENT,912
U102869,IN,97.36,CARD_NOT_PRESENT,2398
U102870,US,60.8,CARD_NOT_PRESENT,136
U102871,IN,106.8,CARD_NOT_PRESENT,2178
U102872,IN,162.29,CARD_NOT_PRESENT,1694
U102873,IN,176.35,UPI_WALLET,1871
U102874,IN,21.85,CARD_NOT_PRESENT,706
U102875,IN,422.98,CARD_PRESENT,2372
U102876,IN,59.31,CARD_NOT_PRESENT,634
U102877,IN,142.14,CARD_NOT_PRESENT,1259
U102878,IN,204.48,CARD_PRESENT,92
U102879,IN,83.55,UPI_WALLET,2219
U102880,IN,180.85,CARD_PRESENT,1761
U102881,IN,21.69,UPI_WALLET,407
U102882,IN,185.14,CARD_PRESENT,1655
U102883,IN,170.76,UPI_WALLET,457
U102884,IN,115.93,CARD_PRESENT,1111
U102885,IN,162.63,CARD_NOT_PRESENT,1281
U102886,IN,245.19,CARD_PRESENT,2328
U102887,NG,208.61,CARD_NOT_PRESENT,831
U102888,IN,87.02,CARD_PRESENT,33
U102889,IN,106.11,UPI_WALLET,1081
U102890,IN,76.91,CARD_NOT_PRESENT,2316
U102891,BR,70.04,WIRE_TRANSFER,1995
U102892,US,152.13,UPI_WALLET,148
U102893,US,76.32,CARD_NOT_PRESENT,134
U102894,BR,151.9,UPI_WALLET,1892
U102895,IN,83.48,CARD_PRESENT,1802
U102896,RU,92.24,CARD_NOT_PRESENT,1393
U102897,IN,47.93,CARD_NOT_PRESENT,221
U102898,US,149.32,UPI_WALLET,700
U102899,IN,20.63,CARD_PRESENT,2118
U102900,IN,189.64,CARD_NOT_PRESENT,349
U102901,NG,330.02,UPI_WALLET,505
U102902,IN,94.46,CARD_NOT_PRESENT,1131
U102903,BR,91.58,CARD_PRESENT,1837
U102904,IN,26.67,CARD_NOT_PRESENT,2070
U102905,US,62.08,UPI_WALLET,1480
U102906,RU,163.77,CARD_PRESENT,1231
U102907,IN,179.03,CARD_NOT_PRESENT,964
U102908,NG,102.85,WIRE_TRANSFER,110
U102909,US,157.53,WIRE_TRANSFER,669
U102910,GB,48.66,CARD_PRESENT,537
U102911,IN,119.44,CARD_NOT_PRESENT,144
U102912,IN,221.29,CARD_PRESENT,1862
U102913,US,135.2,WIRE_TRANSFER,884
U102914,IN,242.78,CARD_NOT_PRESENT,1274
U102915,IN,247.51,CARD_NOT_PRESENT,502
U102916,IN,124.63,CARD_PRESENT,1478
U102917,SG,6.28,CARD_NOT_PRESENT,340
U102918,IN,176.62,CARD_PRESENT,1694
U102919,GB,34.11,UPI_WALLET,1846
U102920,BR,9.65,CARD_NOT_PRESENT,779
U102921,IN,18.26,CARD_NOT_PRESENT,532
U102922,IN,184.72,UPI_WALLET,1950
U102923,US,125.3,CARD_PRESENT,558
U102924,IN,104.77,CARD_PRESENT,446
U102925,US,133.38,CARD_NOT_PRESENT,851
U102926,US,19.25,UPI_WALLET,2416
U102927,US,76.67,CARD_PRESENT,1157
U102928,IN,55.06,UPI_WALLET,657
U102929,US,99.27,CARD_NOT_PRESENT,1284
U102930,US,101.72,CARD_NOT_PRESENT,871
U102931,IN,129.62,CARD_NOT_PRESENT,1661
U102932,US,142.86,CARD_PRESENT,1097
U102933,SG,20.07,CARD_PRESENT,1471
U102934,US,77.42,UPI_WALLET,1091
U102935,IN,90.24,CARD_NOT_PRESENT,1204
U102936,IN,33.33,CARD_NOT_PRESENT,1118
U102937,IN,30.58,WIRE_TRANSFER,985
U102938,IN,18.36,CARD_PRESENT,2409
U102939,IN,27.19,CARD_NOT_PRESENT,665
U102940,BR,156.91,CARD_NOT_PRESENT,2013
U102941,IN,23.01,CARD_PRESENT,1775
U102942,AE,26.38,WIRE_TRANSFER,1320
U102943,IN,96.44,WIRE_TRANSFER,794
U102944,IN,119.11,CARD_PRESENT,1210
U102945,IN,88.27,WIRE_TRANSFER,2124
U102946,IN,38.79,CARD_PRESENT,455
U102947,AE,31.14,WIRE_TRANSFER,1465
U102948,RU,94.59,UPI_WALLET,1912
U102949,SG,81.54,CARD_PRESENT,1585
U102950,IN,67.34,CARD_NOT_PRESENT,361
U102951,GB,152.39,UPI_WALLET,1272
U102952,IN,77.78,CARD_PRESENT,458
U102953,NG,28.95,CARD_NOT_PRESENT,2321
U102954,IN,67.64,CARD_NOT_PRESENT,879
U102955,IN,128.26,CARD_PRESENT,1054
U102956,IN,74.43,CARD_PRESENT,2143
U102957,IN,126.75,CARD_PRESENT,1067
U102958,IN,143.82,UPI_WALLET,485
U102959,NG,77.97,CARD_NOT_PRESENT,2232
U102960,AE,87.98,CARD_NOT_PRESENT,1620
U102961,RU,71.06,CARD_PRESENT,1512
U102962,IN,128.63,CARD_PRESENT,189
U102963,US,69.46,UPI_WALLET,1123
U102964,IN,120.3,CARD_PRESENT,1148
U102965,IN,102.88,UPI_WALLET,656
U102966,IN,18.16,CARD_NOT_PRESENT,1411
U102967,IN,124.77,UPI_WALLET,613
U102968,US,96.42,CARD_NOT_PRESENT,1177
U102969,IN,194.52,UPI_WALLET,2003
U102970,IN,34.61,CARD_PRESENT,1838
U102971,US,104.03,UPI_WALLET,699
U102972,IN,62.43,CARD_PRESENT,519
U102973,NG,19.96,CARD_PRESENT,15
U102974,IN,15.27,CARD_NOT_PRESENT,864
U102975,AE,220.02,CARD_PRESENT,49
U102976,US,104.26,CARD_NOT_PRESENT,321
U102977,GB,76.1,UPI_WALLET,2446
U102978,GB,24.89,UPI_WALLET,2139
U102979,SG,211.71,CARD_NOT_PRESENT,1400
U102980,US,50.85,WIRE_TRANSFER,1936
U102981,IN,107.64,CARD_NOT_PRESENT,1223
U102982,IN,93.82,CARD_PRESENT,1503
U102983,US,276.51,UPI_WALLET,2294
U102984,IN,86.49,CARD_PRESENT,197
U102985,IN,59.56,CARD_PRESENT,879
U102986,IN,105.34,CARD_PRESENT,298
U102987,IN,113.21,CARD_PRESENT,1987
U102988,IN,399.88,CARD_PRESENT,2056
U102989,US,85.46,CARD_PRESENT,1804
U102990,AE,33.68,CARD_NOT_PRESENT,1522
U102991,AE,67.36,UPI_WALLET,1193
U102992,IN,105.18,WIRE_TRANSFER,59
U102993,IN,118.52,CARD_PRESENT,1936
U102994,US,23.0,CARD_PRESENT,2235
U102995,IN,61.58,CARD_NOT_PRESENT,2414
U102996,US,266.3,CARD_PRESENT,855
U102997,IN,43.44,CARD_NOT_PRESENT,502
U102998,RU,154.73,CARD_NOT_PRESENT,1635
U102999,IN,69.04,UPI_WALLET,44
U103000,AE,89.03,CARD_PRESENT,151
U103001,US,25.49,UPI_WALLET,2053
U103002,IN,73.99,CARD_NOT_PRESENT,2392
U103003,GB,104.3,UPI_WALLET,1009
U103004,IN,86.22,CARD_PRESENT,1270
U103005,GB,77.36,UPI_WALLET,1361
U103006,US,129.06,UPI_WALLET,347
U103007,IN,31.05,CARD_PRESENT,556
U103008,IN,107.65,CARD_NOT_PRESENT,746
U103009,GB,14.27,UPI_WALLET,2104
U103010,IN,183.34,CARD_PRESENT,1095
U103011,SG,79.23,CARD_NOT_PRESENT,1803
U103012,GB,148.01,CARD_NOT_PRESENT,486
U103013,US,7.85,UPI_WALLET,2383
U103014,IN,134.52,CARD_PRESENT,2208
U103015,GB,49.5,CARD_NOT_PRESENT,1188
U103016,NG,89.44,CARD_PRESENT,564
U103017,IN,135.94,CARD_NOT_PRESENT,2441
U103018,IN,83.75,UPI_WALLET,2020
U103019,IN,125.41,CARD_NOT_PRESENT,1277
U103020,IN,69.78,CARD_NOT_PRESENT,669
U103021,GB,192.7,CARD_PRESENT,1553
U103022,IN,79.08,CARD_PRESENT,926
U103023,US,80.21,UPI_WALLET,1685
U103024,IN,81.27,CARD_PRESENT,2081
U103025,IN,87.73,UPI_WALLET,1224
U103026,IN,32.3,UPI_WALLET,121
U103027,SG,42.38,UPI_WALLET,1407
U103028,US,162.41,CARD_PRESENT,2146
U103029,IN,147.96,CARD_NOT_PRESENT,559
U103030,AE,141.84,CARD_PRESENT,2398
U103031,IN,117.93,WIRE_TRANSFER,906
U103032,IN,60.51,UPI_WALLET,1710
U103033,IN,56.04,CARD_NOT_PRESENT,1755
U103034,BR,85.18,UPI_WALLET,456
U103035,GB,178.86,CARD_PRESENT,98
U103036,US,100.31,CARD_NOT_PRESENT,2371
U103037,IN,40.76,UPI_WALLET,1751
U103038,IN,27.1,CARD_PRESENT,1578
U103039,US,150.99,WIRE_TRANSFER,760
U103040,IN,215.36,UPI_WALLET,271
U103041,NG,22.05,WIRE_TRANSFER,680
U103042,GB,154.27,UPI_WALLET,1369
U103043,IN,116.1,CARD_PRESENT,1734
U103044,GB,48.24,CARD_NOT_PRESENT,798
U103045,RU,101.21,CARD_PRESENT,538
U103046,IN,35.77,UPI_WALLET,624
U103047,US,74.86,CARD_PRESENT,2404
U103048,NG,88.47,UPI_WALLET,1576
U103049,IN,191.52,CARD_PRESENT,2476
U103050,SG,72.29,CARD_PRESENT,16
U103051,IN,52.32,CARD_PRESENT,1145
U103052,US,110.29,UPI_WALLET,1144
U103053,AE,127.63,CARD_PRESENT,1004
U103054,US,50.9,CARD_PRESENT,979
U103055,IN,39.55,CARD_PRESENT,198
U103056,US,42.21,CARD_PRESENT,81
U103057,IN,191.95,WIRE_TRANSFER,1945
U103058,IN,123.98,CARD_NOT_PRESENT,1101
U103059,IN,68.94,CARD_PRESENT,407
U103060,US,171.81,CARD_PRESENT,869
U103061,IN,50.61,CARD_PRESENT,2332
U103062,IN,82.86,CARD_NOT_PRESENT,1169
U103063,SG,35.31,CARD_PRESENT,2476
U103064,IN,167.05,CARD_PRESENT,404
U103065,IN,47.6,CARD_PRESENT,306
U103066,IN,48.41,CARD_PRESENT,1409
U103067,IN,111.95,UPI_WALLET,1707
U103068,GB,13.21,CARD_PRESENT,2453
U103069,IN,29.48,UPI_WALLET,1165
U103070,IN,138.89,CARD_NOT_PRESENT,501
U103071,RU,41.73,UPI_WALLET,1353
U103072,AE,333.32,CARD_PRESENT,768
U103073,GB,97.66,UPI_WALLET,449
U103074,SG,20.78,UPI_WALLET,221
U103075,SG,222.25,WIRE_TRANSFER,1809
U103076,IN,97.58,UPI_WALLET,1607
U103077,US,76.23,CARD_PRESENT,417
U103078,US,97.34,WIRE_TRANSFER,1397
U103079,IN,20.64,UPI_WALLET,2213
U103080,IN,84.76,CARD_PRESENT,2045
U103081,IN,44.03,CARD_PRESENT,1135
U103082,US,81.16,WIRE_TRANSFER,144
U103083,AE,61.7,CARD_PRESENT,1587
U103084,GB,93.94,UPI_WALLET,1291
U103085,IN,68.9,CARD_NOT_PRESENT,2304
U103086,IN,58.85,UPI_WALLET,1383
U103087,IN,40.38,CARD_PRESENT,1845
U103088,IN,21.43,UPI_WALLET,1321
U103089,NG,17.87,CARD_NOT_PRESENT,1352
U103090,SG,30.3,WIRE_TRANSFER,794
U103091,NG,131.92,CARD_PRESENT,1007
U103092,SG,38.63,CARD_PRESENT,740
U103093,RU,51.9,CARD_PRESENT,1155
U103094,IN,52.26,CARD_PRESENT,2378
U103095,IN,62.42,WIRE_TRANSFER,854
U103096,IN,117.26,CARD_PRESENT,1158
U103097,IN,68.41,CARD_PRESENT,2365
U103098,IN,148.42,UPI_WALLET,378
U103099,IN,30.59,CARD_PRESENT,632
U103100,RU,138.37,CARD_PRESENT,1233
U103101,IN,205.68,UPI_WALLET,1023
U103102,RU,84.01,CARD_NOT_PRESENT,853
U103103,GB,36.45,UPI_WALLET,1945
U103104,US,118.81,CARD_NOT_PRESENT,1247
U103105,US,85.05,CARD_PRESENT,911
U103106,IN,105.2,CARD_NOT_PRESENT,1197
U103107,US,151.25,UPI_WALLET,2216
U103108,IN,64.65,CARD_NOT_PRESENT,2459
U103109,NG,57.42,UPI_WALLET,608
U103110,IN,374.69,CARD_NOT_PRESENT,101
U103111,IN,119.83,CARD_NOT_PRESENT,79
U103112,GB,168.62,UPI_WALLET,1114
U103113,US,145.56,CARD_PRESENT,1572
U103114,IN,169.98,CARD_NOT_PRESENT,129
U103115,US,107.64,CARD_PRESENT,1271
U103116,IN,156.88,UPI_WALLET,999
U103117,US,52.14,CARD_NOT_PRESENT,2332
U103118,IN,20.98,CARD_PRESENT,1509
U103119,IN,42.62,CARD_PRESENT,1058
U103120,IN,76.56,WIRE_TRANSFER,1467
U103121,IN,69.59,CARD_PRESENT,339
U103122,IN,85.39,CARD_PRESENT,1188
U103123,IN,49.87,CARD_PRESENT,825
U103124,IN,14.68,CARD_NOT_PRESENT,453
U103125,IN,63.34,CARD_PRESENT,983
U103126,IN,27.56,UPI_WALLET,1597
U103127,IN,82.86,UPI_WALLET,1458
U103128,US,111.12,CARD_PRESENT,2409
U103129,NG,62.45,CARD_NOT_PRESENT,686
U103130,IN,34.69,CARD_PRESENT,1749
U103131,SG,88.44,CARD_PRESENT,1376
U103132,IN,387.64,CARD_NOT_PRESENT,2184
U103133,IN,119.8,CARD_PRESENT,2270
U103134,GB,125.8,UPI_WALLET,1769
U103135,GB,57.79,CARD_NOT_PRESENT,1059
U103136,AE,45.1,CARD_PRESENT,1333
U103137,IN,170.23,WIRE_TRANSFER,1629
U103138,GB,10.84,CARD_NOT_PRESENT,2014
U103139,IN,48.71,CARD_PRESENT,573
U103140,IN,235.66,CARD_NOT_PRESENT,2182
U103141,IN,79.35,WIRE_TRANSFER,2003
U103142,BR,23.25,CARD_NOT_PRESENT,221
U103143,IN,113.34,CARD_NOT_PRESENT,674
U103144,AE,62.75,CARD_NOT_PRESENT,590
U103145,US,19.11,CARD_PRESENT,1449
U103146,GB,99.32,CARD_PRESENT,522
U103147,GB,89.46,CARD_NOT_PRESENT,751
U103148,SG,85.92,UPI_WALLET,473
U103149,IN,118.66,UPI_WALLET,169
U103150,IN,32.91,CARD_PRESENT,1148
U103151,US,106.22,CARD_NOT_PRESENT,799
U103152,IN,93.97,CARD_PRESENT,1261
U103153,IN,167.92,CARD_PRESENT,530
U103154,IN,48.22,UPI_WALLET,716
U103155,IN,187.21,CARD_PRESENT,2231
U103156,IN,143.91,UPI_WALLET,2012
U103157,IN,77.16,CARD_NOT_PRESENT,666
U103158,NG,85.88,UPI_WALLET,405
U103159,IN,11.56,UPI_WALLET,2436
U103160,BR,84.21,UPI_WALLET,1702
U103161,RU,137.44,UPI_WALLET,1231
U103162,IN,68.91,UPI_WALLET,1748
U103163,GB,167.65,CARD_NOT_PRESENT,553
U103164,US,114.65,CARD_PRESENT,1070
U103165,US,281.64,CARD_PRESENT,978
U103166,IN,50.83,UPI_WALLET,1802
U103167,IN,128.89,CARD_PRESENT,459
U103168,IN,28.22,WIRE_TRANSFER,1223
U103169,US,73.52,CARD_PRESENT,2084
U103170,BR,119.19,UPI_WALLET,491
U103171,US,134.22,CARD_PRESENT,300
U103172,GB,65.1,WIRE_TRANSFER,2053
U103173,BR,179.49,CARD_PRESENT,2183
U103174,US,204.79,CARD_NOT_PRESENT,1076
U103175,IN,51.28,UPI_WALLET,115
U103176,SG,75.18,CARD_PRESENT,1352
U103177,IN,69.68,CARD_PRESENT,749
U103178,IN,57.75,UPI_WALLET,1468
U103179,IN,196.66,UPI_WALLET,350
U103180,NG,195.21,CARD_PRESENT,2013
U103181,IN,71.39,CARD_NOT_PRESENT,1713
U103182,IN,128.48,CARD_PRESENT,1613
U103183,IN,166.4,CARD_PRESENT,1281
U103184,IN,100.24,CARD_NOT_PRESENT,551
U103185,IN,67.54,CARD_PRESENT,2348
U103186,GB,48.54,CARD_NOT_PRESENT,665
U103187,SG,136.65,CARD_PRESENT,916
U103188,IN,30.17,UPI_WALLET,2315
U103189,IN,68.86,CARD_NOT_PRESENT,102
U103190,IN,60.53,CARD_PRESENT,313
U103191,IN,28.66,WIRE_TRANSFER,1904
U103192,US,79.46,UPI_WALLET,920
U103193,US,74.03,CARD_PRESENT,1449
U103194,US,41.13,WIRE_TRANSFER,1451
U103195,IN,191.91,CARD_PRESENT,2068
U103196,US,137.27,CARD_PRESENT,1551
U103197,IN,86.85,CARD_NOT_PRESENT,1065
U103198,IN,151.2,CARD_PRESENT,1373
U103199,NG,174.84,UPI_WALLET,1845
U103200,GB,197.48,CARD_NOT_PRESENT,948
U103201,NG,50.61,UPI_WALLET,428
U103202,NG,151.16,CARD_PRESENT,1216
U103203,US,74.26,CARD_PRESENT,2498
U103204,NG,97.9,CARD_NOT_PRESENT,281
U103205,IN,52.56,CARD_PRESENT,434
U103206,IN,84.03,WIRE_TRANSFER,2487
U103207,IN,152.59,UPI_WALLET,2074
U103208,IN,229.83,UPI_WALLET,293
U103209,IN,78.37,UPI_WALLET,531
U103210,IN,42.17,CARD_PRESENT,1727
U103211,GB,251.65,CARD_PRESENT,1956
U103212,AE,49.12,CARD_NOT_PRESENT,1835
U103213,US,21.39,UPI_WALLET,2153
U103214,IN,55.75,CARD_PRESENT,1267
U103215,GB,12.43,CARD_PRESENT,2191
U103216,IN,169.35,UPI_WALLET,1490
U103217,IN,46.67,CARD_PRESENT,1189
U103218,IN,34.11,CARD_NOT_PRESENT,1591
U103219,IN,91.7,CARD_PRESENT,1072
U103220,IN,229.9,CARD_NOT_PRESENT,1516
U103221,AE,116.09,CARD_NOT_PRESENT,2084
U103222,GB,29.77,UPI_WALLET,2395
U103223,US,307.96,UPI_WALLET,1449
U103224,IN,107.03,CARD_PRESENT,15
U103225,AE,158.4,UPI_WALLET,1553
U103226,US,24.8,UPI_WALLET,630
U103227,IN,275.57,UPI_WALLET,590
U103228,US,64.2,WIRE_TRANSFER,2203
U103229,IN,23.13,UPI_WALLET,1115
U103230,IN,99.36,CARD_PRESENT,1976
U103231,IN,158.35,CARD_NOT_PRESENT,924
U103232,IN,128.03,CARD_PRESENT,1517
U103233,IN,126.53,CARD_NOT_PRESENT,1663
U103234,IN,120.53,WIRE_TRANSFER,2233
U103235,IN,93.3,CARD_NOT_PRESENT,492
U103236,RU,24.72,CARD_PRESENT,1403
U103237,IN,73.47,WIRE_TRANSFER,1014
U103238,IN,66.39,UPI_WALLET,1160
U103239,IN,197.99,CARD_PRESENT,2121
U103240,SG,169.52,WIRE_TRANSFER,340
U103241,US,60.18,CARD_PRESENT,1366
U103242,NG,142.3,CARD_NOT_PRESENT,970
U103243,IN,81.13,CARD_NOT_PRESENT,2240
U103244,IN,21.47,WIRE_TRANSFER,541
U103245,US,11.66,CARD_PRESENT,582
U103246,IN,131.3,CARD_PRESENT,228
U103247,AE,37.58,UPI_WALLET,1100
U103248,SG,37.45,UPI_WALLET,28
U103249,IN,50.16,CARD_PRESENT,1251
U103250,RU,133.24,CARD_PRESENT,559
U103251,US,171.02,WIRE_TRANSFER,1002
U103252,IN,168.66,UPI_WALLET,1513
U103253,IN,19.42,CARD_PRESENT,1711
U103254,IN,48.54,CARD_NOT_PRESENT,154
U103255,AE,42.74,CARD_NOT_PRESENT,372
U103256,IN,133.18,UPI_WALLET,795
U103257,IN,49.13,CARD_NOT_PRESENT,1298
U103258,US,77.02,UPI_WALLET,2208
U103259,IN,141.22,CARD_PRESENT,347
U103260,IN,87.85,UPI_WALLET,170
U103261,US,106.74,CARD_PRESENT,1573
U103262,IN,75.04,UPI_WALLET,2447
U103263,IN,159.67,CARD_PRESENT,2075
U103264,IN,170.12,CARD_PRESENT,1414
U103265,IN,120.5,CARD_PRESENT,50
U103266,IN,170.57,CARD_PRESENT,1440
U103267,GB,372.25,CARD_NOT_PRESENT,1142
U103268,RU,139.61,UPI_WALLET,1117
U103269,IN,83.05,UPI_WALLET,1232
U103270,RU,108.42,CARD_NOT_PRESENT,1404
U103271,US,181.84,CARD_NOT_PRESENT,1800
U103272,US,63.63,CARD_PRESENT,481
U103273,GB,59.93,UPI_WALLET,187
U103274,GB,107.18,CARD_PRESENT,129
U103275,AE,81.98,CARD_PRESENT,1015
U103276,IN,42.42,CARD_PRESENT,1270
U103277,IN,96.2,CARD_PRESENT,1963
U103278,IN,206.16,CARD_NOT_PRESENT,1084
U103279,IN,117.82,CARD_PRESENT,1330
U103280,US,36.05,CARD_PRESENT,2441
U103281,IN,130.55,UPI_WALLET,1874
U103282,IN,70.57,CARD_PRESENT,1727
U103283,IN,297.18,CARD_NOT_PRESENT,910
U103284,IN,123.77,CARD_NOT_PRESENT,381
U103285,US,55.45,UPI_WALLET,2300
U103286,US,137.07,UPI_WALLET,1384
U103287,IN,100.96,CARD_PRESENT,194
U103288,IN,193.65,UPI_WALLET,1206
U103289,IN,59.7,CARD_NOT_PRESENT,228
U103290,IN,123.58,CARD_PRESENT,2453
U103291,GB,24.74,UPI_WALLET,1321
U103292,US,93.37,UPI_WALLET,1962
U103293,IN,35.28,CARD_PRESENT,1177
U103294,IN,98.71,CARD_NOT_PRESENT,50
U103295,RU,113.9,CARD_PRESENT,1596
U103296,GB,120.44,CARD_NOT_PRESENT,1633
U103297,IN,59.63,WIRE_TRANSFER,573
U103298,IN,95.32,CARD_NOT_PRESENT,1791
U103299,IN,178.48,WIRE_TRANSFER,565
U103300,NG,245.9,CARD_PRESENT,1729
U103301,IN,97.56,UPI_WALLET,1873
U103302,IN,181.62,WIRE_TRANSFER,344
U103303,BR,45.29,UPI_WALLET,730
U103304,GB,66.58,CARD_PRESENT,409
U103305,IN,104.96,CARD_PRESENT,1818
U103306,IN,82.36,CARD_PRESENT,589
U103307,IN,76.46,CARD_NOT_PRESENT,1602
U103308,US,169.59,WIRE_TRANSFER,1044
U103309,IN,39.87,CARD_NOT_PRESENT,209
U103310,NG,43.01,CARD_PRESENT,2206
U103311,NG,31.0,CARD_PRESENT,1778
U103312,IN,107.11,CARD_NOT_PRESENT,654
U103313,US,70.5,CARD_NOT_PRESENT,2198
U103314,IN,159.1,CARD_PRESENT,1772
U103315,IN,101.0,UPI_WALLET,2041
U103316,GB,58.61,CARD_PRESENT,446
U103317,IN,52.21,CARD_NOT_PRESENT,23
U103318,IN,11.74,CARD_NOT_PRESENT,155
U103319,IN,78.9,CARD_PRESENT,1349
U103320,IN,35.68,CARD_NOT_PRESENT,1966
U103321,IN,172.18,UPI_WALLET,2283
U103322,GB,68.06,CARD_NOT_PRESENT,2402
U103323,AE,26.87,UPI_WALLET,1497
U103324,US,194.42,CARD_NOT_PRESENT,1578
U103325,AE,79.73,CARD_PRESENT,726
U103326,IN,130.02,WIRE_TRANSFER,3
U103327,AE,59.22,WIRE_TRANSFER,487
U103328,IN,198.71,CARD_PRESENT,139
U103329,IN,47.1,WIRE_TRANSFER,1712
U103330,NG,70.48,UPI_WALLET,1258
U103331,IN,20.44,CARD_PRESENT,1928
U103332,IN,195.62,CARD_NOT_PRESENT,371
U103333,IN,53.91,CARD_PRESENT,2281
U103334,IN,108.82,CARD_NOT_PRESENT,1799
U103335,IN,119.29,WIRE_TRANSFER,2264
U103336,IN,175.6,CARD_NOT_PRESENT,1621
U103337,SG,103.38,CARD_NOT_PRESENT,848
U103338,IN,83.08,CARD_PRESENT,1565
U103339,IN,164.16,CARD_NOT_PRESENT,1510
U103340,IN,117.98,UPI_WALLET,453
U103341,AE,74.39,CARD_PRESENT,254
U103342,IN,201.23,CARD_NOT_PRESENT,1626
U103343,IN,124.1,CARD_NOT_PRESENT,237
U103344,IN,33.34,UPI_WALLET,251
U103345,US,224.53,UPI_WALLET,179
U103346,AE,58.12,UPI_WALLET,1555
U103347,US,175.05,CARD_NOT_PRESENT,2317
U103348,GB,27.26,CARD_NOT_PRESENT,1243
U103349,IN,163.5,UPI_WALLET,381
U103350,IN,34.97,UPI_WALLET,1282
U103351,IN,101.52,CARD_NOT_PRESENT,1206
U103352,IN,121.83,UPI_WALLET,1483
U103353,IN,75.52,CARD_PRESENT,1083
U103354,IN,90.02,CARD_PRESENT,1330
U103355,IN,41.0,WIRE_TRANSFER,812
U103356,US,152.65,CARD_PRESENT,2265
U103357,IN,105.2,WIRE_TRANSFER,1344
U103358,US,46.89,CARD_NOT_PRESENT,777
U103359,US,107.91,WIRE_TRANSFER,7
U103360,IN,110.17,CARD_NOT_PRESENT,1697
U103361,IN,93.0,UPI_WALLET,950
U103362,US,11.85,UPI_WALLET,623
U103363,US,68.0,CARD_NOT_PRESENT,1198
U103364,IN,151.15,CARD_NOT_PRESENT,1213
U103365,IN,126.33,CARD_PRESENT,2008
U103366,US,123.85,CARD_PRESENT,1356
U103367,US,104.66,WIRE_TRANSFER,1752
U103368,IN,162.55,CARD_PRESENT,1618
U103369,IN,57.87,UPI_WALLET,2124
U103370,SG,49.2,CARD_NOT_PRESENT,16
U103371,IN,260.43,CARD_PRESENT,941
U103372,SG,53.5,WIRE_TRANSFER,1788
U103373,IN,32.41,CARD_PRESENT,353
U103374,IN,74.56,CARD_NOT_PRESENT,1105
U103375,IN,95.35,CARD_NOT_PRESENT,1003
U103376,IN,163.22,CARD_PRESENT,2014
U103377,NG,68.11,CARD_PRESENT,2407
U103378,IN,67.7,UPI_WALLET,266
U103379,RU,89.41,CARD_PRESENT,536
U103380,IN,60.0,UPI_WALLET,1935
U103381,SG,27.53,CARD_NOT_PRESENT,437
U103382,NG,34.46,CARD_PRESENT,1242
U103383,US,191.72,CARD_PRESENT,2360
U103384,IN,141.35,CARD_PRESENT,2438
U103385,US,87.32,UPI_WALLET,2374
U103386,IN,126.07,CARD_NOT_PRESENT,336
U103387,NG,144.09,CARD_PRESENT,373
U103388,IN,55.6,CARD_NOT_PRESENT,440
U103389,IN,40.67,CARD_NOT_PRESENT,1923
U103390,IN,179.32,CARD_NOT_PRESENT,448
U103391,US,14.22,CARD_PRESENT,1074
U103392,RU,127.39,CARD_PRESENT,2046
U103393,IN,100.58,CARD_PRESENT,1231
U103394,GB,168.05,UPI_WALLET,2351
U103395,NG,130.46,UPI_WALLET,1247
U103396,IN,125.54,CARD_PRESENT,949
U103397,IN,43.89,CARD_PRESENT,2420
U103398,US,147.67,UPI_WALLET,1368
U103399,US,117.27,CARD_PRESENT,462
U103400,IN,48.34,CARD_NOT_PRESENT,1586
U103401,AE,101.2,CARD_NOT_PRESENT,1932
U103402,IN,37.12,CARD_PRESENT,2096
U103403,SG,79.06,CARD_NOT_PRESENT,15
U103404,SG,327.64,CARD_PRESENT,271
U103405,AE,42.07,CARD_NOT_PRESENT,1571
U103406,IN,27.3,CARD_PRESENT,1855
U103407,IN,34.79,CARD_NOT_PRESENT,1632
U103408,IN,78.27,CARD_NOT_PRESENT,957
U103409,IN,136.73,CARD_PRESENT,1884
U103410,US,91.25,CARD_NOT_PRESENT,1448
U103411,IN,30.49,UPI_WALLET,2314
U103412,IN,135.57,WIRE_TRANSFER,919
U103413,IN,18.49,CARD_PRESENT,1884
U103414,IN,33.24,CARD_PRESENT,360
U103415,IN,58.2,CARD_PRESENT,1830
U103416,US,175.31,UPI_WALLET,1829
U103417,AE,93.76,CARD_NOT_PRESENT,635
U103418,IN,96.31,CARD_PRESENT,155
U103419,SG,30.9,UPI_WALLET,2482
U103420,SG,62.51,CARD_PRESENT,192
U103421,IN,159.21,CARD_NOT_PRESENT,1171
U103422,US,112.32,CARD_NOT_PRESENT,3
U103423,IN,138.83,CARD_NOT_PRESENT,1044
U103424,IN,86.92,UPI_WALLET,2052
U103425,IN,160.32,CARD_PRESENT,1255
U103426,IN,30.75,CARD_NOT_PRESENT,600
U103427,SG,76.96,CARD_NOT_PRESENT,985
U103428,NG,123.69,CARD_PRESENT,231
U103429,AE,23.36,UPI_WALLET,1484
U103430,US,9.65,UPI_WALLET,11
U103431,US,260.58,WIRE_TRANSFER,874
U103432,BR,94.65,UPI_WALLET,152
U103433,IN,21.49,CARD_PRESENT,600
U103434,IN,93.01,CARD_NOT_PRESENT,169
U103435,US,33.63,CARD_NOT_PRESENT,2320
U103436,IN,43.87,CARD_PRESENT,1930
U103437,IN,179.13,CARD_NOT_PRESENT,2319
U103438,IN,59.26,CARD_PRESENT,1708
U103439,US,58.91,CARD_PRESENT,1241
U103440,IN,32.78,UPI_WALLET,435
U103441,IN,68.79,CARD_PRESENT,2405
U103442,IN,98.9,CARD_NOT_PRESENT,2293
U103443,IN,59.21,UPI_WALLET,1039
U103444,SG,303.88,CARD_NOT_PRESENT,564
U103445,IN,39.43,CARD_PRESENT,969
U103446,US,39.25,CARD_NOT_PRESENT,985
U103447,GB,66.8,UPI_WALLET,2292
U103448,IN,281.31,UPI_WALLET,168
U103449,AE,140.33,CARD_PRESENT,1582
U103450,US,57.78,CARD_PRESENT,1921
U103451,US,57.81,CARD_NOT_PRESENT,1906
U103452,IN,38.28,CARD_PRESENT,483
U103453,IN,65.4,UPI_WALLET,1032
U103454,BR,75.46,UPI_WALLET,855
U103455,AE,136.12,UPI_WALLET,1018
U103456,NG,117.78,WIRE_TRANSFER,218
U103457,SG,63.84,CARD_NOT_PRESENT,209
U103458,IN,217.48,WIRE_TRANSFER,61
U103459,AE,52.06,CARD_NOT_PRESENT,2416
U103460,IN,26.86,CARD_PRESENT,1042
U103461,AE,102.1,UPI_WALLET,570
U103462,IN,170.67,UPI_WALLET,1994
U103463,IN,84.54,WIRE_TRANSFER,1236
U103464,GB,31.74,CARD_PRESENT,911
U103465,AE,96.5,CARD_PRESENT,287
U103466,US,104.96,UPI_WALLET,965
U103467,IN,112.52,CARD_PRESENT,1617
U103468,IN,97.84,CARD_NOT_PRESENT,1558
U103469,RU,185.39,CARD_NOT_PRESENT,977
U103470,IN,37.56,CARD_PRESENT,1533
U103471,IN,7.22,CARD_PRESENT,1919
U103472,US,18.5,UPI_WALLET,2325
U103473,IN,31.37,CARD_PRESENT,1321
U103474,US,151.84,UPI_WALLET,570
U103475,IN,68.78,UPI_WALLET,324
U103476,AE,228.52,CARD_NOT_PRESENT,395
U103477,SG,35.42,CARD_NOT_PRESENT,27
U103478,NG,225.59,CARD_PRESENT,1395
U103479,US,44.25,UPI_WALLET,531
U103480,IN,75.36,CARD_PRESENT,566
U103481,GB,21.62,CARD_PRESENT,1811
U103482,AE,206.63,WIRE_TRANSFER,799
U103483,US,82.81,CARD_PRESENT,2071
U103484,US,312.49,CARD_PRESENT,343
U103485,GB,175.81,WIRE_TRANSFER,853
U103486,US,74.04,CARD_PRESENT,129
U103487,GB,49.83,CARD_PRESENT,1340
U103488,IN,156.28,CARD_NOT_PRESENT,312
U103489,IN,89.01,UPI_WALLET,600
U103490,US,47.82,UPI_WALLET,1838
U103491,IN,93.56,UPI_WALLET,2201
U103492,SG,16.15,WIRE_TRANSFER,1364
U103493,US,113.98,CARD_PRESENT,2413
U103494,IN,128.98,CARD_NOT_PRESENT,1891
U103495,AE,34.43,CARD_PRESENT,1882
U103496,GB,188.63,WIRE_TRANSFER,2476
U103497,GB,163.42,WIRE_TRANSFER,223
U103498,IN,107.05,CARD_PRESENT,581
U103499,SG,41.78,UPI_WALLET,1093
U103500,IN,134.14,CARD_NOT_PRESENT,1546
U103501,US,66.09,CARD_PRESENT,2476
U103502,IN,99.54,CARD_NOT_PRESENT,248
U103503,US,142.72,WIRE_TRANSFER,574
U103504,GB,27.25,CARD_PRESENT,746
U103505,US,20.86,CARD_PRESENT,1676
U103506,IN,61.42,WIRE_TRANSFER,2379
U103507,AE,279.36,CARD_NOT_PRESENT,2346
U103508,US,320.75,CARD_NOT_PRESENT,1869
U103509,IN,112.25,UPI_WALLET,1933
U103510,RU,166.4,CARD_NOT_PRESENT,1039
U103511,GB,85.28,CARD_PRESENT,1522
U103512,BR,93.62,CARD_PRESENT,428
U103513,RU,75.29,UPI_WALLET,1267
U103514,NG,179.68,CARD_NOT_PRESENT,732
U103515,GB,230.19,UPI_WALLET,2322
U103516,US,92.1,UPI_WALLET,919
U103517,IN,93.33,CARD_PRESENT,987
U103518,IN,78.1,UPI_WALLET,1007
U103519,GB,233.91,UPI_WALLET,2253
U103520,IN,153.02,WIRE_TRANSFER,2331
U103521,SG,41.02,CARD_PRESENT,1078
U103522,IN,273.99,CARD_PRESENT,2489
U103523,IN,11.46,UPI_WALLET,1891
U103524,IN,219.15,WIRE_TRANSFER,2116
U103525,IN,170.38,WIRE_TRANSFER,2289
U103526,IN,92.3,CARD_NOT_PRESENT,831
U103527,IN,90.73,CARD_NOT_PRESENT,1377
U103528,AE,80.95,CARD_PRESENT,713
U103529,IN,42.57,UPI_WALLET,775
U103530,IN,260.27,UPI_WALLET,1161
U103531,IN,88.84,UPI_WALLET,128
U103532,IN,41.98,CARD_PRESENT,538
U103533,IN,250.28,WIRE_TRANSFER,2023
U103534,GB,120.87,CARD_PRESENT,415
U103535,AE,125.79,CARD_NOT_PRESENT,1555
U103536,IN,286.65,CARD_NOT_PRESENT,1914
U103537,US,137.56,CARD_NOT_PRESENT,658
U103538,IN,55.82,UPI_WALLET,1146
U103539,IN,137.42,CARD_NOT_PRESENT,2193
U103540,SG,45.64,CARD_PRESENT,2088
U103541,IN,63.97,CARD_PRESENT,2300
U103542,SG,109.79,CARD_NOT_PRESENT,1571
U103543,IN,164.76,UPI_WALLET,2218
U103544,IN,58.26,CARD_NOT_PRESENT,996
U103545,IN,79.29,CARD_NOT_PRESENT,1504
U103546,IN,78.69,CARD_PRESENT,1668
U103547,BR,183.6,UPI_WALLET,2441
U103548,IN,90.64,CARD_NOT_PRESENT,921
U103549,SG,271.67,CARD_NOT_PRESENT,2187
U103550,SG,63.94,CARD_NOT_PRESENT,1273
U103551,US,60.19,CARD_PRESENT,261
U103552,IN,216.61,CARD_PRESENT,1639
U103553,IN,130.08,CARD_PRESENT,2452
U103554,IN,374.15,UPI_WALLET,1134
U103555,AE,211.44,CARD_PRESENT,1372
U103556,IN,33.46,CARD_PRESENT,2318
U103557,NG,89.15,WIRE_TRANSFER,2300
U103558,US,109.69,CARD_NOT_PRESENT,1000
U103559,IN,104.51,CARD_NOT_PRESENT,1901
U103560,GB,80.2,CARD_NOT_PRESENT,1577
U103561,IN,103.08,CARD_PRESENT,1619
U103562,SG,106.85,CARD_PRESENT,1801
U103563,IN,58.95,UPI_WALLET,817
U103564,RU,178.8,CARD_NOT_PRESENT,762
U103565,AE,252.17,UPI_WALLET,68
U103566,SG,145.21,WIRE_TRANSFER,2141
U103567,IN,118.3,CARD_PRESENT,692
U103568,AE,85.21,UPI_WALLET,1685
U103569,IN,109.08,CARD_PRESENT,1714
U103570,GB,116.65,CARD_NOT_PRESENT,1759
U103571,IN,42.7,UPI_WALLET,2157
U103572,IN,173.14,CARD_PRESENT,2169
U103573,IN,67.14,WIRE_TRANSFER,6
U103574,IN,224.0,CARD_NOT_PRESENT,2100
U103575,IN,100.77,CARD_NOT_PRESENT,520
U103576,AE,175.09,CARD_PRESENT,1613
U103577,IN,143.8,CARD_NOT_PRESENT,1682
U103578,GB,33.81,CARD_NOT_PRESENT,135
U103579,IN,211.34,CARD_PRESENT,709
U103580,GB,51.72,CARD_NOT_PRESENT,2275
U103581,AE,63.91,CARD_PRESENT,355
U103582,IN,68.08,WIRE_TRANSFER,580
U103583,GB,24.64,CARD_PRESENT,205
U103584,NG,103.97,CARD_NOT_PRESENT,417
U103585,AE,182.2,UPI_WALLET,1595
U103586,IN,220.52,UPI_WALLET,2103
U103587,IN,80.18,UPI_WALLET,1487
U103588,GB,90.1,WIRE_TRANSFER,712
U103589,IN,150.35,CARD_PRESENT,2146
U103590,AE,81.77,CARD_NOT_PRESENT,918
U103591,IN,192.81,UPI_WALLET,787
U103592,AE,87.05,CARD_PRESENT,1264
U103593,IN,46.54,UPI_WALLET,342
U103594,IN,105.82,CARD_PRESENT,891
U103595,BR,28.59,WIRE_TRANSFER,1998
U103596,SG,104.86,UPI_WALLET,1521
U103597,SG,118.6,CARD_NOT_PRESENT,2470
U103598,RU,51.91,CARD_NOT_PRESENT,1939
U103599,IN,115.5,WIRE_TRANSFER,901
U103600,IN,74.95,UPI_WALLET,1917
U103601,IN,50.32,UPI_WALLET,2163
U103602,IN,25.52,UPI_WALLET,1577
U103603,IN,31.22,CARD_PRESENT,1906
U103604,NG,238.57,CARD_PRESENT,1258
U103605,IN,72.8,CARD_PRESENT,2279
U103606,IN,116.67,UPI_WALLET,594
U103607,IN,79.72,CARD_NOT_PRESENT,1061
U103608,IN,242.34,CARD_PRESENT,635
U103609,IN,50.5,WIRE_TRANSFER,254
U103610,US,95.5,CARD_PRESENT,1540
U103611,IN,63.59,UPI_WALLET,296
U103612,US,173.86,CARD_NOT_PRESENT,566
U103613,SG,115.84,CARD_NOT_PRESENT,1908
U103614,US,93.1,CARD_PRESENT,603
U103615,US,34.62,UPI_WALLET,2158
U103616,IN,311.48,UPI_WALLET,123
U103617,IN,81.35,CARD_PRESENT,1143
U103618,IN,44.36,CARD_NOT_PRESENT,168
U103619,RU,25.61,CARD_NOT_PRESENT,149
U103620,US,30.4,CARD_NOT_PRESENT,1977
U103621,IN,92.49,CARD_NOT_PRESENT,167
U103622,IN,175.62,CARD_NOT_PRESENT,2230
U103623,AE,110.74,UPI_WALLET,1496
U103624,US,26.83,UPI_WALLET,1206
U103625,US,92.36,CARD_PRESENT,2296
U103626,SG,210.18,UPI_WALLET,969
U103627,US,71.01,CARD_PRESENT,999
U103628,US,110.97,WIRE_TRANSFER,1025
U103629,IN,73.25,CARD_NOT_PRESENT,1626
U103630,IN,127.68,CARD_PRESENT,2118
U103631,RU,49.91,UPI_WALLET,1355
U103632,US,6.51,CARD_PRESENT,703
U103633,IN,36.24,UPI_WALLET,2224
U103634,US,64.7,WIRE_TRANSFER,1497
U103635,IN,86.05,UPI_WALLET,2081
U103636,AE,66.6,CARD_NOT_PRESENT,1081
U103637,IN,65.63,CARD_NOT_PRESENT,499
U103638,AE,176.58,CARD_NOT_PRESENT,2361
U103639,IN,40.94,CARD_PRESENT,1694
U103640,IN,92.78,WIRE_TRANSFER,770
U103641,IN,28.24,CARD_PRESENT,2118
U103642,AE,145.28,CARD_PRESENT,23
U103643,IN,108.82,CARD_PRESENT,2325
U103644,IN,307.68,WIRE_TRANSFER,1446
U103645,GB,39.72,WIRE_TRANSFER,1475
U103646,IN,249.78,CARD_PRESENT,34
U103647,IN,44.01,CARD_PRESENT,440
U103648,IN,70.61,UPI_WALLET,1801
U103649,SG,32.11,CARD_NOT_PRESENT,1396
U103650,IN,305.16,WIRE_TRANSFER,320
U103651,IN,120.15,WIRE_TRANSFER,1664
U103652,IN,121.01,UPI_WALLET,1866
U103653,IN,47.18,CARD_PRESENT,681
U103654,IN,12.45,UPI_WALLET,1723
U103655,IN,68.54,WIRE_TRANSFER,2432
U103656,IN,59.47,CARD_NOT_PRESENT,1206
U103657,IN,19.4,UPI_WALLET,574
U103658,SG,71.87,CARD_NOT_PRESENT,2404
U103659,IN,92.9,WIRE_TRANSFER,2278
U103660,IN,125.66,UPI_WALLET,1142
U103661,SG,13.93,CARD_PRESENT,1063
U103662,SG,33.71,CARD_NOT_PRESENT,2084
U103663,US,48.46,CARD_PRESENT,2
U103664,IN,181.63,CARD_NOT_PRESENT,781
U103665,IN,179.39,WIRE_TRANSFER,1358
U103666,IN,115.79,CARD_PRESENT,1635
U103667,IN,70.95,WIRE_TRANSFER,1571
U103668,IN,188.93,CARD_PRESENT,926
U103669,US,106.36,UPI_WALLET,2173
U103670,IN,182.17,WIRE_TRANSFER,1624
U103671,US,119.4,UPI_WALLET,1351
U103672,IN,21.74,UPI_WALLET,2346
U103673,IN,12.3,WIRE_TRANSFER,236
U103674,AE,65.83,CARD_NOT_PRESENT,1774
U103675,SG,157.08,UPI_WALLET,2317
U103676,IN,58.9,CARD_PRESENT,1654
U103677,US,212.7,CARD_NOT_PRESENT,1413
U103678,IN,147.87,CARD_PRESENT,911
U103679,IN,200.76,UPI_WALLET,679
U103680,GB,67.18,UPI_WALLET,1365
U103681,IN,42.05,CARD_NOT_PRESENT,2247
U103682,IN,37.33,WIRE_TRANSFER,1156
U103683,IN,127.06,CARD_PRESENT,303
U103684,IN,23.37,WIRE_TRANSFER,1209
U103685,IN,24.67,CARD_PRESENT,244
U103686,IN,56.32,CARD_PRESENT,2340
U103687,RU,103.65,CARD_NOT_PRESENT,1337
U103688,US,49.08,CARD_PRESENT,535
U103689,IN,179.65,UPI_WALLET,1562
U103690,IN,202.61,UPI_WALLET,1344
U103691,US,8.77,UPI_WALLET,1277
U103692,IN,120.95,CARD_PRESENT,1480
U103693,IN,59.11,CARD_PRESENT,2322
U103694,GB,161.77,CARD_PRESENT,2140
U103695,IN,123.74,CARD_NOT_PRESENT,657
U103696,IN,100.31,CARD_PRESENT,600
U103697,IN,81.27,CARD_PRESENT,2475
U103698,IN,24.77,UPI_WALLET,1612
U103699,IN,335.99,WIRE_TRANSFER,49
U103700,SG,33.39,UPI_WALLET,1324
U103701,IN,251.51,CARD_PRESENT,297
U103702,US,139.99,CARD_NOT_PRESENT,75
U103703,US,61.35,CARD_PRESENT,465
U103704,IN,54.68,CARD_NOT_PRESENT,637
U103705,IN,23.89,CARD_NOT_PRESENT,199
U103706,IN,91.44,WIRE_TRANSFER,2088
U103707,US,23.07,CARD_NOT_PRESENT,1096
U103708,IN,186.35,CARD_PRESENT,1380
U103709,GB,107.31,CARD_NOT_PRESENT,2163
U103710,SG,87.23,WIRE_TRANSFER,2092
U103711,GB,95.29,CARD_PRESENT,2052
U103712,BR,110.29,UPI_WALLET,491
U103713,GB,69.68,CARD_PRESENT,1862
U103714,SG,76.66,CARD_PRESENT,2489
U103715,AE,268.79,UPI_WALLET,19
U103716,GB,174.47,CARD_PRESENT,2170
U103717,AE,136.03,UPI_WALLET,2164
U103718,NG,61.37,CARD_PRESENT,2103
U103719,IN,16.76,CARD_NOT_PRESENT,991
U103720,US,125.68,CARD_NOT_PRESENT,498
U103721,IN,95.1,UPI_WALLET,1829
U103722,SG,75.43,UPI_WALLET,1558
U103723,IN,84.3,UPI_WALLET,1817
U103724,AE,35.01,CARD_NOT_PRESENT,640
U103725,AE,43.66,CARD_PRESENT,444
U103726,RU,174.7,CARD_NOT_PRESENT,2254
U103727,IN,13.32,CARD_NOT_PRESENT,1288
U103728,GB,158.72,CARD_PRESENT,2128
U103729,GB,218.83,WIRE_TRANSFER,2315
U103730,NG,123.91,CARD_PRESENT,1148
U103731,SG,119.83,CARD_PRESENT,658
U103732,US,43.36,WIRE_TRANSFER,2239
U103733,US,48.61,CARD_NOT_PRESENT,1787
U103734,IN,65.23,UPI_WALLET,1665
U103735,RU,29.35,CARD_PRESENT,2395
U103736,IN,45.86,CARD_NOT_PRESENT,616
U103737,GB,94.86,CARD_NOT_PRESENT,902
U103738,AE,62.31,CARD_PRESENT,98
U103739,IN,100.74,UPI_WALLET,969
U103740,IN,174.28,CARD_PRESENT,1116
U103741,IN,100.2,CARD_PRESENT,1131
U103742,SG,120.74,CARD_PRESENT,378
U103743,IN,22.74,CARD_PRESENT,2022
U103744,IN,172.25,CARD_PRESENT,1223
U103745,GB,22.23,UPI_WALLET,1098
U103746,IN,59.09,CARD_NOT_PRESENT,2159
U103747,SG,36.44,CARD_PRESENT,1216
U103748,IN,16.84,CARD_NOT_PRESENT,2230
U103749,IN,96.6,CARD_PRESENT,556
U103750,IN,127.86,CARD_NOT_PRESENT,2126
U103751,IN,222.47,UPI_WALLET,2470
U103752,IN,106.39,UPI_WALLET,1876
U103753,GB,45.64,UPI_WALLET,2230
U103754,IN,61.2,CARD_PRESENT,1850
U103755,IN,19.07,CARD_PRESENT,1501
U103756,IN,66.13,UPI_WALLET,1909
U103757,IN,86.32,CARD_NOT_PRESENT,2401
U103758,NG,124.23,CARD_NOT_PRESENT,1512
U103759,IN,147.33,WIRE_TRANSFER,1717
U103760,BR,121.48,CARD_PRESENT,198
U103761,IN,41.91,UPI_WALLET,2397
U103762,IN,33.03,CARD_NOT_PRESENT,1944
U103763,IN,140.35,CARD_PRESENT,404
U103764,IN,16.35,CARD_PRESENT,724
U103765,AE,292.48,CARD_NOT_PRESENT,564
U103766,IN,49.02,CARD_PRESENT,799
U103767,IN,188.01,UPI_WALLET,2213
U103768,US,56.1,UPI_WALLET,1161
U103769,US,129.9,CARD_NOT_PRESENT,1050
U103770,NG,33.99,CARD_NOT_PRESENT,1947
U103771,RU,90.04,CARD_NOT_PRESENT,928
U103772,US,20.15,CARD_NOT_PRESENT,2214
U103773,AE,110.33,UPI_WALLET,1886
U103774,AE,33.52,CARD_PRESENT,643
U103775,IN,37.91,WIRE_TRANSFER,1576
U103776,GB,63.64,CARD_PRESENT,1207
U103777,IN,73.64,CARD_PRESENT,860
U103778,GB,124.36,UPI_WALLET,2265
U103779,RU,116.08,CARD_PRESENT,995
U103780,IN,96.76,CARD_PRESENT,292
U103781,AE,158.39,CARD_PRESENT,1021
U103782,NG,113.88,UPI_WALLET,1292
U103783,IN,119.53,CARD_NOT_PRESENT,316
U103784,IN,37.64,CARD_PRESENT,1857
U103785,NG,166.48,CARD_NOT_PRESENT,574
U103786,RU,153.22,CARD_PRESENT,231
U103787,IN,100.06,WIRE_TRANSFER,1344
U103788,IN,149.55,CARD_PRESENT,403
U103789,US,85.18,CARD_NOT_PRESENT,1954
U103790,IN,229.75,CARD_NOT_PRESENT,171
U103791,IN,93.74,CARD_NOT_PRESENT,1048
U103792,IN,83.13,WIRE_TRANSFER,130
U103793,IN,114.45,CARD_PRESENT,958
U103794,US,260.8,UPI_WALLET,2333
U103795,US,57.45,CARD_NOT_PRESENT,1626
U103796,US,109.39,UPI_WALLET,1338
U103797,GB,60.71,CARD_NOT_PRESENT,393
U103798,IN,83.05,CARD_PRESENT,782
U103799,IN,45.48,CARD_PRESENT,952
U103800,IN,117.41,CARD_PRESENT,1446
U103801,IN,88.39,WIRE_TRANSFER,521
U103802,IN,147.47,UPI_WALLET,2499
U103803,IN,174.92,CARD_PRESENT,1629
U103804,IN,192.44,CARD_NOT_PRESENT,780
U103805,IN,62.5,UPI_WALLET,281
U103806,US,114.6,CARD_NOT_PRESENT,1487
U103807,US,200.51,CARD_NOT_PRESENT,1120
U103808,NG,45.22,UPI_WALLET,1685
U103809,AE,95.13,CARD_PRESENT,1490
U103810,US,47.6,CARD_NOT_PRESENT,1601
U103811,IN,258.58,CARD_PRESENT,2084
U103812,US,199.02,CARD_PRESENT,1313
U103813,IN,128.1,UPI_WALLET,1811
U103814,IN,126.76,UPI_WALLET,898
U103815,IN,51.16,WIRE_TRANSFER,2357
U103816,IN,214.38,CARD_PRESENT,1020
U103817,IN,71.18,UPI_WALLET,1700
U103818,US,55.05,WIRE_TRANSFER,2496
U103819,AE,181.17,CARD_NOT_PRESENT,873
U103820,GB,66.34,WIRE_TRANSFER,254
U103821,US,56.8,WIRE_TRANSFER,580
U103822,IN,153.13,UPI_WALLET,610
U103823,IN,35.34,WIRE_TRANSFER,142
U103824,GB,129.16,CARD_NOT_PRESENT,1360
U103825,IN,95.89,CARD_NOT_PRESENT,694
U103826,IN,144.82,WIRE_TRANSFER,243
U103827,IN,119.82,UPI_WALLET,342
U103828,NG,364.17,CARD_PRESENT,684
U103829,US,102.15,CARD_PRESENT,923
U103830,IN,66.19,CARD_PRESENT,2436
U103831,US,88.73,UPI_WALLET,1756
U103832,IN,118.95,CARD_PRESENT,1787
U103833,IN,249.41,CARD_PRESENT,1730
U103834,IN,134.74,CARD_NOT_PRESENT,2008
U103835,IN,49.09,CARD_PRESENT,796
U103836,US,689.98,WIRE_TRANSFER,249
U103837,IN,170.24,CARD_NOT_PRESENT,1271
U103838,AE,46.93,CARD_PRESENT,4
U103839,IN,37.86,CARD_PRESENT,542
U103840,US,32.51,UPI_WALLET,1882
U103841,US,85.52,CARD_NOT_PRESENT,1257
U103842,US,88.06,CARD_NOT_PRESENT,1726
U103843,US,54.14,CARD_PRESENT,1275
U103844,RU,28.84,WIRE_TRANSFER,1357
U103845,IN,38.52,UPI_WALLET,753
U103846,GB,136.54,UPI_WALLET,547
U103847,GB,72.05,CARD_NOT_PRESENT,649
U103848,IN,41.98,WIRE_TRANSFER,1995
U103849,IN,95.66,UPI_WALLET,2448
U103850,IN,108.51,CARD_NOT_PRESENT,205
U103851,IN,116.65,WIRE_TRANSFER,1343
U103852,IN,93.17,UPI_WALLET,1176
U103853,IN,83.49,UPI_WALLET,1405
U103854,US,190.95,UPI_WALLET,583
U103855,IN,39.77,CARD_NOT_PRESENT,20
U103856,AE,75.91,CARD_NOT_PRESENT,509
U103857,IN,18.56,CARD_PRESENT,455
U103858,GB,68.94,CARD_NOT_PRESENT,131
U103859,IN,100.36,CARD_NOT_PRESENT,892
U103860,IN,152.14,CARD_PRESENT,1710
U103861,IN,19.05,WIRE_TRANSFER,2414
U103862,US,98.33,CARD_PRESENT,1643
U103863,IN,273.12,UPI_WALLET,438
U103864,NG,122.57,CARD_PRESENT,906
U103865,IN,34.24,CARD_PRESENT,758
U103866,US,69.03,CARD_PRESENT,531
U103867,IN,125.25,CARD_NOT_PRESENT,2475
U103868,US,56.04,CARD_NOT_PRESENT,1639
U103869,IN,106.24,CARD_PRESENT,1203
U103870,IN,102.04,UPI_WALLET,1092
U103871,IN,84.64,CARD_NOT_PRESENT,796
U103872,IN,31.41,CARD_PRESENT,1042
U103873,IN,51.62,CARD_PRESENT,1586
U103874,BR,290.69,CARD_PRESENT,2320
U103875,IN,65.78,CARD_PRESENT,1241
U103876,IN,71.7,CARD_PRESENT,463
U103877,RU,71.42,UPI_WALLET,2393
U103878,IN,149.7,UPI_WALLET,788
U103879,IN,74.27,UPI_WALLET,208
U103880,GB,85.99,UPI_WALLET,1360
U103881,NG,98.37,CARD_NOT_PRESENT,1976
U103882,GB,160.74,CARD_PRESENT,644
U103883,IN,86.27,CARD_PRESENT,698
U103884,RU,92.89,CARD_NOT_PRESENT,723
U103885,IN,58.07,CARD_PRESENT,2016
U103886,BR,107.91,CARD_PRESENT,2393
U103887,AE,129.3,WIRE_TRANSFER,2119
U103888,NG,135.24,CARD_PRESENT,566
U103889,IN,262.73,CARD_PRESENT,2123
U103890,IN,48.91,WIRE_TRANSFER,774
U103891,US,88.77,CARD_PRESENT,2166
U103892,IN,74.62,CARD_NOT_PRESENT,2478
U103893,IN,233.24,CARD_PRESENT,1795
U103894,NG,138.66,CARD_NOT_PRESENT,2387
U103895,US,24.52,WIRE_TRANSFER,356
U103896,IN,54.49,UPI_WALLET,1637
U103897,IN,68.39,CARD_NOT_PRESENT,130
U103898,IN,27.47,CARD_PRESENT,1630
U103899,IN,93.45,CARD_NOT_PRESENT,852
U103900,IN,59.95,CARD_NOT_PRESENT,2424
U103901,AE,270.01,CARD_PRESENT,1238
U103902,GB,107.32,CARD_PRESENT,1906
U103903,IN,66.48,UPI_WALLET,757
U103904,IN,41.79,UPI_WALLET,188
U103905,US,83.57,WIRE_TRANSFER,1855
U103906,AE,220.61,UPI_WALLET,555
U103907,SG,75.23,CARD_NOT_PRESENT,1806
U103908,IN,84.08,UPI_WALLET,1162
U103909,AE,175.22,WIRE_TRANSFER,2429
U103910,IN,105.25,CARD_PRESENT,882
U103911,IN,147.74,CARD_NOT_PRESENT,1002
U103912,SG,112.43,CARD_PRESENT,1851
U103913,IN,108.27,WIRE_TRANSFER,1964
U103914,IN,23.46,WIRE_TRANSFER,315
U103915,IN,37.44,UPI_WALLET,1853
U103916,IN,97.8,CARD_PRESENT,1229
U103917,IN,44.77,WIRE_TRANSFER,2471
U103918,US,83.63,CARD_PRESENT,1577
U103919,IN,34.82,CARD_PRESENT,1934
U103920,IN,176.14,CARD_NOT_PRESENT,860
U103921,SG,48.9,UPI_WALLET,709
U103922,IN,41.7,UPI_WALLET,1962
U103923,NG,29.0,CARD_PRESENT,39
U103924,IN,134.25,CARD_NOT_PRESENT,1451
U103925,US,83.55,CARD_NOT_PRESENT,2420
U103926,IN,172.0,CARD_PRESENT,2477
U103927,AE,58.37,UPI_WALLET,1790
U103928,IN,36.68,CARD_PRESENT,1243
U103929,SG,80.96,CARD_PRESENT,2031
U103930,IN,194.26,CARD_NOT_PRESENT,37
U103931,US,23.0,UPI_WALLET,1983
U103932,IN,103.65,UPI_WALLET,475
U103933,IN,110.8,CARD_PRESENT,1839
U103934,IN,214.83,CARD_PRESENT,870
U103935,IN,46.24,WIRE_TRANSFER,1878
U103936,IN,21.77,CARD_NOT_PRESENT,1508
U103937,US,62.68,CARD_NOT_PRESENT,2323
U103938,IN,146.37,CARD_PRESENT,1968
U103939,IN,87.33,WIRE_TRANSFER,2285
U103940,IN,118.68,UPI_WALLET,378
U103941,IN,38.49,CARD_PRESENT,948
U103942,IN,72.06,CARD_PRESENT,1094
U103943,US,89.58,CARD_PRESENT,78
U103944,IN,25.8,CARD_PRESENT,57
U103945,SG,89.21,CARD_PRESENT,97
U103946,IN,67.35,CARD_PRESENT,1918
U103947,IN,410.64,CARD_PRESENT,1117
U103948,SG,84.91,CARD_NOT_PRESENT,1879
U103949,IN,222.35,CARD_NOT_PRESENT,2087
U103950,IN,118.09,CARD_NOT_PRESENT,91
U103951,RU,77.89,UPI_WALLET,2119
U103952,NG,201.59,CARD_PRESENT,564
U103953,GB,34.25,UPI_WALLET,1011
U103954,IN,61.66,WIRE_TRANSFER,2407
U103955,US,152.08,WIRE_TRANSFER,754
U103956,BR,13.4,CARD_PRESENT,2349
U103957,NG,82.96,CARD_PRESENT,1266
U103958,IN,82.47,CARD_NOT_PRESENT,34
U103959,IN,101.38,CARD_PRESENT,2081
U103960,IN,72.62,CARD_PRESENT,111
U103961,IN,148.07,CARD_PRESENT,1591
U103962,US,48.01,CARD_NOT_PRESENT,1146
U103963,IN,161.7,UPI_WALLET,350
U103964,IN,37.61,CARD_PRESENT,1287
U103965,IN,106.84,WIRE_TRANSFER,906
U103966,IN,186.42,UPI_WALLET,247
U103967,IN,44.9,CARD_PRESENT,1389
U103968,IN,53.49,CARD_NOT_PRESENT,110
U103969,IN,165.37,CARD_PRESENT,1346
U103970,RU,96.66,WIRE_TRANSFER,565
U103971,IN,21.98,UPI_WALLET,2076
U103972,IN,99.22,UPI_WALLET,2375
U103973,IN,132.02,UPI_WALLET,2330
U103974,IN,169.8,CARD_PRESENT,2344
U103975,IN,105.13,WIRE_TRANSFER,252
U103976,IN,120.71,WIRE_TRANSFER,1274
U103977,IN,236.47,UPI_WALLET,561
U103978,IN,155.0,CARD_NOT_PRESENT,242
U103979,US,70.74,CARD_PRESENT,981
U103980,IN,77.39,CARD_PRESENT,1073
U103981,IN,181.56,CARD_PRESENT,741
U103982,US,103.68,CARD_NOT_PRESENT,286
U103983,IN,93.54,UPI_WALLET,1021
U103984,IN,69.16,WIRE_TRANSFER,389
U103985,IN,177.13,CARD_PRESENT,102
U103986,IN,46.91,CARD_PRESENT,1128
U103987,IN,61.77,CARD_PRESENT,165
U103988,BR,176.77,WIRE_TRANSFER,2414
U103989,BR,175.38,UPI_WALLET,2096
U103990,RU,328.54,CARD_NOT_PRESENT,2314
U103991,IN,83.18,CARD_NOT_PRESENT,257
U103992,IN,69.93,CARD_NOT_PRESENT,1163
U103993,IN,75.06,CARD_PRESENT,2060
U103994,IN,24.21,CARD_PRESENT,1439
U103995,IN,15.23,CARD_PRESENT,766
U103996,IN,104.88,CARD_PRESENT,2079
U103997,IN,66.18,CARD_NOT_PRESENT,773
U103998,IN,49.43,CARD_PRESENT,2434
U103999,IN,92.62,UPI_WALLET,252
